-- MySQL dump 10.14  Distrib 5.5.33-MariaDB, for Linux (x86_64)
--
-- Host: localhost    Database: clanmanager
-- ------------------------------------------------------
-- Server version	5.5.33-MariaDB

/*!40101 SET @OLD_CHARACTER_SET_CLIENT=@@CHARACTER_SET_CLIENT */;
/*!40101 SET @OLD_CHARACTER_SET_RESULTS=@@CHARACTER_SET_RESULTS */;
/*!40101 SET @OLD_COLLATION_CONNECTION=@@COLLATION_CONNECTION */;
/*!40101 SET NAMES utf8 */;
/*!40103 SET @OLD_TIME_ZONE=@@TIME_ZONE */;
/*!40103 SET TIME_ZONE='+00:00' */;
/*!40014 SET @OLD_UNIQUE_CHECKS=@@UNIQUE_CHECKS, UNIQUE_CHECKS=0 */;
/*!40014 SET @OLD_FOREIGN_KEY_CHECKS=@@FOREIGN_KEY_CHECKS, FOREIGN_KEY_CHECKS=0 */;
/*!40101 SET @OLD_SQL_MODE=@@SQL_MODE, SQL_MODE='NO_AUTO_VALUE_ON_ZERO' */;
/*!40111 SET @OLD_SQL_NOTES=@@SQL_NOTES, SQL_NOTES=0 */;

--
-- Table structure for table `Clan`
--

DROP TABLE IF EXISTS `Clan`;
/*!40101 SET @saved_cs_client     = @@character_set_client */;
/*!40101 SET character_set_client = utf8 */;
CREATE TABLE `Clan` (
  `id` int(11) NOT NULL AUTO_INCREMENT,
  `tag` varchar(9) COLLATE utf8_unicode_ci NOT NULL,
  `name` varchar(32) COLLATE utf8_unicode_ci NOT NULL,
  PRIMARY KEY (`id`),
  UNIQUE KEY `UNIQ_3FC40C32389B783` (`tag`)
) ENGINE=InnoDB AUTO_INCREMENT=27 DEFAULT CHARSET=utf8 COLLATE=utf8_unicode_ci;
/*!40101 SET character_set_client = @saved_cs_client */;

--
-- Dumping data for table `Clan`
--

LOCK TABLES `Clan` WRITE;
/*!40000 ALTER TABLE `Clan` DISABLE KEYS */;
INSERT INTO `Clan` VALUES (1,'#2V99GJ2U','Red Onslaught'),(2,'#YYJLQ9Q','Normannere'),(3,'#22JVLVQC','R.B.N.'),(4,'#R9GR2RR','Keong Mas'),(5,'#298QUCC8','Polska PRO'),(11,'#LC2CLJY','EGYPT ARMY III'),(12,'#2CPGLYUP','Dark Obsidian'),(13,'#2ULUCL9R','The Black Lodge'),(14,'#JJUJQC','Hong Kong @ 2'),(15,'#2RRU8P9V','Ira de Odin'),(16,'#9QQ9C80J','Armored Titans'),(17,'#99VLOY9R','Reddit Rebels'),(18,'#20C9C8L8','Knights Templar'),(19,'#GGUC809','Vinaland'),(20,'#29PP8JY','Jaguar soldiers'),(21,'#2QJU88L0','Asian Clan #2QJU88L0'),(22,'#90VPYJVJ','Asian Clan #90VPYJVJ'),(23,'#2C990Y82','Leadline'),(24,'#2PURLJRV','UKRAINE 1'),(25,'#2LU8Y8PG','Ruth 66'),(26,'#9YC2VP98','Asian Clan #9YC2VP98');
/*!40000 ALTER TABLE `Clan` ENABLE KEYS */;
UNLOCK TABLES;

--
-- Table structure for table `Membership`
--

DROP TABLE IF EXISTS `Membership`;
/*!40101 SET @saved_cs_client     = @@character_set_client */;
/*!40101 SET character_set_client = utf8 */;
CREATE TABLE `Membership` (
  `id` int(11) NOT NULL AUTO_INCREMENT,
  `player_id` int(11) DEFAULT NULL,
  `clan_id` int(11) DEFAULT NULL,
  `start` datetime DEFAULT NULL,
  `stop` datetime DEFAULT NULL,
  PRIMARY KEY (`id`),
  KEY `IDX_C9A2D15599E6F5DF` (`player_id`),
  KEY `IDX_C9A2D155BEAF84C8` (`clan_id`),
  CONSTRAINT `FK_C9A2D15599E6F5DF` FOREIGN KEY (`player_id`) REFERENCES `Player` (`id`),
  CONSTRAINT `FK_C9A2D155BEAF84C8` FOREIGN KEY (`clan_id`) REFERENCES `Clan` (`id`)
) ENGINE=InnoDB AUTO_INCREMENT=525 DEFAULT CHARSET=utf8 COLLATE=utf8_unicode_ci;
/*!40101 SET character_set_client = @saved_cs_client */;

--
-- Dumping data for table `Membership`
--

LOCK TABLES `Membership` WRITE;
/*!40000 ALTER TABLE `Membership` DISABLE KEYS */;
INSERT INTO `Membership` VALUES (1,1,1,'2015-04-01 00:00:00',NULL),(2,2,1,'2015-04-01 00:00:00',NULL),(3,3,1,'2015-04-01 00:00:00',NULL),(4,4,1,'2015-04-01 00:00:00',NULL),(5,5,1,'2015-04-01 00:00:00',NULL),(6,6,1,'2015-04-01 00:00:00',NULL),(7,7,1,'2015-04-01 00:00:00','2015-05-03 00:00:00'),(8,8,1,'2015-04-01 00:00:00',NULL),(9,9,1,'2015-04-01 00:00:00','2015-04-27 00:00:00'),(10,10,1,'2015-04-01 00:00:00',NULL),(11,11,1,'2015-04-01 00:00:00',NULL),(12,12,1,'2015-04-01 00:00:00',NULL),(13,13,1,'2015-04-01 00:00:00','2015-04-03 00:00:00'),(14,14,1,'2015-04-01 00:00:00',NULL),(15,15,1,'2015-04-01 00:00:00',NULL),(16,16,1,'2015-04-01 00:00:00',NULL),(17,17,1,'2015-04-01 00:00:00',NULL),(18,21,1,'2015-04-01 00:00:00',NULL),(19,20,1,'2015-04-01 00:00:00',NULL),(20,19,1,'2015-04-01 00:00:00',NULL),(21,18,1,'2015-04-01 00:00:00',NULL),(22,25,1,'2015-04-01 00:00:00',NULL),(23,24,1,'2015-04-01 00:00:00',NULL),(24,23,1,'2015-04-01 00:00:00',NULL),(25,22,1,'2015-04-01 00:00:00',NULL),(26,29,1,'2015-04-01 00:00:00','2015-04-23 00:00:00'),(27,28,1,'2015-04-01 00:00:00',NULL),(28,27,1,'2015-04-01 00:00:00','2015-04-16 00:00:00'),(29,26,1,'2015-04-01 00:00:00',NULL),(30,33,1,'2015-04-01 00:00:00',NULL),(31,32,1,'2015-04-01 00:00:00',NULL),(32,31,1,'2015-04-01 00:00:00',NULL),(33,30,1,'2015-04-01 00:00:00','2015-04-22 00:00:00'),(34,34,1,'2015-04-01 00:00:00',NULL),(44,46,5,'2015-04-01 00:00:00',NULL),(45,47,5,'2015-04-01 00:00:00',NULL),(46,48,5,'2015-04-01 00:00:00',NULL),(47,49,5,'2015-04-01 00:00:00',NULL),(48,50,5,'2015-04-01 00:00:00',NULL),(49,51,5,'2015-04-01 00:00:00',NULL),(50,52,5,'2015-04-01 00:00:00',NULL),(51,53,5,'2015-04-01 00:00:00',NULL),(52,54,5,'2015-04-01 00:00:00',NULL),(53,55,5,'2015-04-01 00:00:00',NULL),(54,56,5,'2015-04-01 00:00:00',NULL),(56,58,5,'2015-04-01 00:00:00',NULL),(57,59,5,'2015-04-01 00:00:00',NULL),(58,60,5,'2015-04-01 00:00:00',NULL),(59,61,5,'2015-04-01 00:00:00',NULL),(60,62,5,'2015-04-01 00:00:00',NULL),(61,63,5,'2015-04-01 00:00:00',NULL),(62,64,5,'2015-04-01 00:00:00',NULL),(63,65,5,'2015-04-01 00:00:00',NULL),(64,66,5,'2015-04-01 00:00:00',NULL),(65,67,5,'2015-04-01 00:00:00',NULL),(66,68,5,'2015-04-01 00:00:00',NULL),(67,69,5,'2015-04-01 00:00:00',NULL),(68,70,5,'2015-04-01 00:00:00',NULL),(69,71,5,'2015-04-01 00:00:00',NULL),(70,72,5,'2015-04-01 00:00:00',NULL),(71,73,5,'2015-04-01 00:00:00',NULL),(72,74,5,'2015-04-01 00:00:00',NULL),(73,75,5,'2015-04-01 00:00:00',NULL),(74,76,5,'2015-04-01 00:00:00',NULL),(75,78,11,NULL,NULL),(76,79,11,NULL,NULL),(77,80,11,NULL,NULL),(78,81,11,NULL,NULL),(79,82,11,NULL,NULL),(80,83,11,NULL,NULL),(81,84,11,NULL,NULL),(82,85,11,NULL,NULL),(83,86,11,NULL,NULL),(84,87,11,NULL,NULL),(85,88,11,NULL,NULL),(86,89,11,NULL,NULL),(87,90,11,NULL,NULL),(88,91,11,NULL,NULL),(89,92,11,NULL,NULL),(90,93,11,NULL,NULL),(91,94,11,NULL,NULL),(92,95,11,NULL,NULL),(93,96,11,NULL,NULL),(94,97,11,NULL,NULL),(95,98,11,NULL,NULL),(96,99,11,NULL,NULL),(97,100,11,NULL,NULL),(98,101,11,NULL,NULL),(99,102,11,NULL,NULL),(100,103,11,NULL,NULL),(101,104,11,NULL,NULL),(102,105,11,NULL,NULL),(103,106,11,NULL,NULL),(104,107,11,NULL,NULL),(105,108,1,'2015-04-17 00:00:00',NULL),(106,109,12,NULL,NULL),(107,110,12,NULL,NULL),(108,111,12,NULL,NULL),(109,112,12,NULL,NULL),(110,113,12,NULL,NULL),(111,114,12,NULL,NULL),(112,115,12,NULL,NULL),(113,116,12,NULL,NULL),(114,117,12,NULL,NULL),(115,118,12,NULL,NULL),(116,119,12,NULL,NULL),(117,120,12,NULL,NULL),(118,121,12,NULL,NULL),(119,122,12,NULL,NULL),(120,123,12,NULL,NULL),(121,124,12,NULL,NULL),(122,125,12,NULL,NULL),(123,126,12,NULL,NULL),(124,127,12,NULL,NULL),(125,128,12,NULL,NULL),(126,129,12,NULL,NULL),(127,130,12,NULL,NULL),(128,131,12,NULL,NULL),(129,132,12,NULL,NULL),(130,133,12,NULL,NULL),(131,134,12,NULL,NULL),(132,135,12,NULL,NULL),(133,136,12,NULL,NULL),(134,137,12,NULL,NULL),(135,138,12,NULL,NULL),(136,139,1,'2015-04-19 00:00:00','2015-05-01 00:00:00'),(137,140,13,NULL,NULL),(138,141,13,NULL,NULL),(139,142,13,NULL,NULL),(140,143,13,NULL,NULL),(141,144,13,NULL,NULL),(142,145,13,NULL,NULL),(143,146,13,NULL,NULL),(144,147,13,NULL,NULL),(145,148,13,NULL,NULL),(146,149,13,NULL,NULL),(147,150,13,NULL,NULL),(148,151,13,NULL,NULL),(149,152,13,NULL,NULL),(150,153,13,NULL,NULL),(151,154,13,NULL,NULL),(152,155,13,NULL,NULL),(153,156,13,NULL,NULL),(154,157,13,NULL,NULL),(155,158,13,NULL,NULL),(156,159,13,NULL,NULL),(157,160,13,NULL,NULL),(158,161,13,NULL,NULL),(159,162,13,NULL,NULL),(160,163,13,NULL,NULL),(161,164,13,NULL,NULL),(162,165,13,NULL,NULL),(163,166,13,NULL,NULL),(164,167,13,NULL,NULL),(165,168,13,NULL,NULL),(166,169,13,NULL,NULL),(167,170,14,NULL,NULL),(168,171,14,NULL,NULL),(169,172,14,NULL,NULL),(170,173,14,NULL,NULL),(171,174,14,NULL,NULL),(172,175,14,NULL,NULL),(173,176,14,NULL,NULL),(174,177,14,NULL,NULL),(175,178,14,NULL,NULL),(176,179,14,NULL,NULL),(177,180,14,NULL,NULL),(178,181,14,NULL,NULL),(179,182,14,NULL,NULL),(180,183,14,NULL,NULL),(181,184,14,NULL,NULL),(182,185,14,NULL,NULL),(183,186,14,NULL,NULL),(184,187,14,NULL,NULL),(185,188,14,NULL,NULL),(186,189,14,NULL,NULL),(187,190,14,NULL,NULL),(188,191,14,NULL,NULL),(189,192,14,NULL,NULL),(190,193,14,NULL,NULL),(191,194,14,NULL,NULL),(192,195,15,NULL,NULL),(193,196,15,NULL,NULL),(194,197,15,NULL,NULL),(195,198,15,NULL,NULL),(196,199,15,NULL,NULL),(197,200,1,'2015-04-25 00:00:00','2015-05-01 00:00:00'),(198,201,15,NULL,NULL),(199,202,15,NULL,NULL),(200,203,15,NULL,NULL),(201,204,15,NULL,NULL),(202,205,15,NULL,NULL),(203,206,15,NULL,NULL),(204,207,15,NULL,NULL),(205,208,15,NULL,NULL),(206,209,15,NULL,NULL),(207,210,15,NULL,NULL),(208,211,15,NULL,NULL),(209,212,15,NULL,NULL),(210,213,15,NULL,NULL),(211,214,15,NULL,NULL),(212,215,15,NULL,NULL),(213,216,15,NULL,NULL),(214,217,15,NULL,NULL),(215,218,15,NULL,NULL),(216,219,15,NULL,NULL),(217,220,15,NULL,NULL),(218,221,15,NULL,NULL),(219,222,15,NULL,NULL),(220,223,15,NULL,NULL),(221,224,15,NULL,NULL),(222,225,15,NULL,NULL),(223,226,1,'2015-04-27 00:00:00',NULL),(224,227,1,'2015-04-27 00:00:00','2015-04-29 00:00:00'),(225,228,1,'2015-04-27 00:00:00','2015-05-03 00:00:00'),(226,229,1,'2015-04-27 00:00:00','2015-05-01 00:00:00'),(227,230,16,NULL,NULL),(228,231,16,NULL,NULL),(229,232,16,NULL,NULL),(230,233,16,NULL,NULL),(231,234,16,NULL,NULL),(232,235,16,NULL,NULL),(233,236,16,NULL,NULL),(234,237,16,NULL,NULL),(235,238,16,NULL,NULL),(236,239,16,NULL,NULL),(237,240,16,NULL,NULL),(238,241,16,NULL,NULL),(239,242,16,NULL,NULL),(240,243,16,NULL,NULL),(241,244,16,NULL,NULL),(242,245,16,NULL,NULL),(243,246,16,NULL,NULL),(244,247,16,NULL,NULL),(245,248,16,NULL,NULL),(246,249,16,NULL,NULL),(247,250,16,NULL,NULL),(248,251,16,NULL,NULL),(249,252,16,NULL,NULL),(250,253,16,NULL,NULL),(251,254,16,NULL,NULL),(252,255,16,NULL,NULL),(253,256,16,NULL,NULL),(254,257,16,NULL,NULL),(255,258,16,NULL,NULL),(256,259,16,NULL,NULL),(257,260,17,NULL,NULL),(258,261,17,NULL,NULL),(259,262,17,NULL,NULL),(260,263,17,NULL,NULL),(261,264,17,NULL,NULL),(262,265,17,NULL,NULL),(263,266,17,NULL,NULL),(264,267,17,NULL,NULL),(265,268,17,NULL,NULL),(266,269,17,NULL,NULL),(267,270,17,NULL,NULL),(268,271,17,NULL,NULL),(269,272,17,NULL,NULL),(270,273,17,NULL,NULL),(271,274,17,NULL,NULL),(272,275,17,NULL,NULL),(273,276,17,NULL,NULL),(274,277,17,NULL,NULL),(275,278,17,NULL,NULL),(276,279,17,NULL,NULL),(277,280,17,NULL,NULL),(278,281,17,NULL,NULL),(279,282,17,NULL,NULL),(280,283,17,NULL,NULL),(281,284,17,NULL,NULL),(282,285,17,NULL,NULL),(283,286,17,NULL,NULL),(284,287,17,NULL,NULL),(285,288,17,NULL,NULL),(286,289,17,NULL,NULL),(288,291,1,'2015-05-01 00:00:00',NULL),(289,292,1,'2015-05-01 00:00:00','2015-05-03 00:00:00'),(290,293,18,NULL,NULL),(291,294,18,NULL,NULL),(292,295,18,NULL,NULL),(293,296,18,NULL,NULL),(294,297,18,NULL,NULL),(295,298,18,NULL,NULL),(296,299,18,NULL,NULL),(297,300,18,NULL,NULL),(298,301,18,NULL,NULL),(299,302,18,NULL,NULL),(300,303,18,NULL,NULL),(301,304,18,NULL,NULL),(302,305,18,NULL,NULL),(303,306,18,NULL,NULL),(304,307,18,NULL,NULL),(305,308,18,NULL,NULL),(306,309,18,NULL,NULL),(307,310,18,NULL,NULL),(308,311,18,NULL,NULL),(309,312,18,NULL,NULL),(310,313,18,NULL,NULL),(311,314,18,NULL,NULL),(312,315,18,NULL,NULL),(313,316,18,NULL,NULL),(314,317,18,NULL,NULL),(315,318,19,NULL,NULL),(316,319,19,NULL,NULL),(317,320,19,NULL,NULL),(318,321,19,NULL,NULL),(319,322,19,NULL,NULL),(320,323,19,NULL,NULL),(321,324,19,NULL,NULL),(322,325,19,NULL,NULL),(323,326,19,NULL,NULL),(324,327,19,NULL,NULL),(325,328,19,NULL,NULL),(326,329,19,NULL,NULL),(327,330,19,NULL,NULL),(328,331,19,NULL,NULL),(329,332,19,NULL,NULL),(330,333,19,NULL,NULL),(331,334,19,NULL,NULL),(332,335,19,NULL,NULL),(333,336,19,NULL,NULL),(334,337,19,NULL,NULL),(335,338,19,NULL,NULL),(336,339,19,NULL,NULL),(337,340,19,NULL,NULL),(338,341,19,NULL,NULL),(339,342,19,NULL,NULL),(340,343,1,'2015-05-03 00:00:00',NULL),(341,344,1,'2015-05-03 00:00:00',NULL),(342,345,1,'2015-05-03 00:00:00','2015-05-05 00:00:00'),(343,346,1,'2015-05-03 00:00:00',NULL),(344,347,1,'2015-05-05 00:00:00','2015-05-09 00:00:00'),(345,348,20,NULL,NULL),(346,349,20,NULL,NULL),(347,350,20,NULL,NULL),(348,351,20,NULL,NULL),(349,352,20,NULL,NULL),(350,353,20,NULL,NULL),(351,354,20,NULL,NULL),(352,355,20,NULL,NULL),(353,356,20,NULL,NULL),(354,357,20,NULL,NULL),(355,358,20,NULL,NULL),(356,359,20,NULL,NULL),(357,360,20,NULL,NULL),(358,361,20,NULL,NULL),(359,362,20,NULL,NULL),(360,363,20,NULL,NULL),(361,364,20,NULL,NULL),(362,365,20,NULL,NULL),(363,366,20,NULL,NULL),(364,367,20,NULL,NULL),(365,368,20,NULL,NULL),(366,369,20,NULL,NULL),(367,370,20,NULL,NULL),(368,371,20,NULL,NULL),(369,372,20,NULL,NULL),(371,374,1,'2015-05-07 00:00:00','2015-05-09 00:00:00'),(372,375,1,'2015-05-07 00:00:00','2015-05-09 00:00:00'),(373,376,21,NULL,NULL),(374,377,21,NULL,NULL),(375,378,21,NULL,NULL),(376,379,21,NULL,NULL),(377,380,21,NULL,NULL),(378,381,21,NULL,NULL),(379,382,21,NULL,NULL),(380,383,21,NULL,NULL),(381,384,21,NULL,NULL),(382,385,21,NULL,NULL),(383,386,21,NULL,NULL),(384,387,21,NULL,NULL),(385,388,21,NULL,NULL),(386,389,21,NULL,NULL),(387,390,21,NULL,NULL),(388,391,21,NULL,NULL),(389,392,21,NULL,NULL),(390,393,21,NULL,NULL),(391,394,21,NULL,NULL),(392,395,21,NULL,NULL),(393,396,21,NULL,NULL),(394,397,21,NULL,NULL),(395,398,21,NULL,NULL),(396,399,21,NULL,NULL),(397,400,21,NULL,NULL),(398,401,21,NULL,NULL),(399,402,21,NULL,NULL),(400,403,21,NULL,NULL),(401,404,21,NULL,NULL),(402,405,21,NULL,NULL),(403,406,1,'2015-05-09 00:00:00',NULL),(404,407,1,'2015-05-09 00:00:00',NULL),(405,408,1,'2015-05-09 00:00:00','2015-05-10 00:00:00'),(406,409,22,NULL,NULL),(407,410,22,NULL,NULL),(408,411,22,NULL,NULL),(409,412,22,NULL,NULL),(410,413,22,NULL,NULL),(411,414,22,NULL,NULL),(412,415,22,NULL,NULL),(413,416,22,NULL,NULL),(414,417,22,NULL,NULL),(415,418,22,NULL,NULL),(416,419,22,NULL,NULL),(417,420,22,NULL,NULL),(418,421,22,NULL,NULL),(419,422,22,NULL,NULL),(420,423,22,NULL,NULL),(421,424,22,NULL,NULL),(422,425,22,NULL,NULL),(423,426,22,NULL,NULL),(424,427,22,NULL,NULL),(425,428,22,NULL,NULL),(426,429,22,NULL,NULL),(427,430,22,NULL,NULL),(428,431,22,NULL,NULL),(429,432,22,NULL,NULL),(430,433,22,NULL,NULL),(431,434,22,NULL,NULL),(432,435,22,NULL,NULL),(433,436,22,NULL,NULL),(434,437,22,NULL,NULL),(435,438,22,NULL,NULL),(436,439,1,'2015-05-11 00:00:00',NULL),(437,440,23,NULL,NULL),(438,441,23,NULL,NULL),(439,442,23,NULL,NULL),(440,443,23,NULL,NULL),(441,444,23,NULL,NULL),(442,445,23,NULL,NULL),(443,446,23,NULL,NULL),(444,447,23,NULL,NULL),(445,448,23,NULL,NULL),(446,449,23,NULL,NULL),(447,450,23,NULL,NULL),(448,451,23,NULL,NULL),(449,452,23,NULL,NULL),(450,453,23,NULL,NULL),(451,454,23,NULL,NULL),(452,455,23,NULL,NULL),(453,456,23,NULL,NULL),(454,457,23,NULL,NULL),(455,458,23,NULL,NULL),(456,459,23,NULL,NULL),(457,460,23,NULL,NULL),(458,461,23,NULL,NULL),(459,462,23,NULL,NULL),(460,463,23,NULL,NULL),(461,464,23,NULL,NULL),(462,465,23,NULL,NULL),(463,466,23,NULL,NULL),(464,467,23,NULL,NULL),(465,468,23,NULL,NULL),(466,469,23,NULL,NULL),(467,470,1,'2015-05-13 00:00:00',NULL),(468,471,1,'2015-05-13 00:00:00',NULL),(469,472,24,NULL,NULL),(470,473,24,NULL,NULL),(471,474,24,NULL,NULL),(472,475,24,NULL,NULL),(473,476,24,NULL,NULL),(474,477,24,NULL,NULL),(475,478,24,NULL,NULL),(476,479,24,NULL,NULL),(477,480,24,NULL,NULL),(478,481,24,NULL,NULL),(479,482,24,NULL,NULL),(480,483,24,NULL,NULL),(481,484,24,NULL,NULL),(482,485,24,NULL,NULL),(483,486,24,NULL,NULL),(484,487,24,NULL,NULL),(485,488,24,NULL,NULL),(486,489,24,NULL,NULL),(487,490,24,NULL,NULL),(488,491,24,NULL,NULL),(489,492,24,NULL,NULL),(490,493,24,NULL,NULL),(491,494,24,NULL,NULL),(492,495,24,NULL,NULL),(493,496,24,NULL,NULL),(494,497,24,NULL,NULL),(495,498,24,NULL,NULL),(496,499,24,NULL,NULL),(497,500,24,NULL,NULL),(498,501,24,NULL,NULL),(499,502,25,NULL,NULL),(500,503,25,NULL,NULL),(501,504,25,NULL,NULL),(502,505,25,NULL,NULL),(503,506,25,NULL,NULL),(504,507,25,NULL,NULL),(505,508,25,NULL,NULL),(506,509,25,NULL,NULL),(507,510,25,NULL,NULL),(508,511,25,NULL,NULL),(509,512,25,NULL,NULL),(510,513,25,NULL,NULL),(511,514,25,NULL,NULL),(512,515,25,NULL,NULL),(513,516,25,NULL,NULL),(514,517,25,NULL,NULL),(515,518,25,NULL,NULL),(516,519,25,NULL,NULL),(517,520,25,NULL,NULL),(518,521,25,NULL,NULL),(519,522,25,NULL,NULL),(520,523,25,NULL,NULL),(521,524,25,NULL,NULL),(522,525,25,NULL,NULL),(523,526,25,NULL,NULL),(524,527,1,'2015-05-17 00:00:00',NULL);
/*!40000 ALTER TABLE `Membership` ENABLE KEYS */;
UNLOCK TABLES;

--
-- Table structure for table `Player`
--

DROP TABLE IF EXISTS `Player`;
/*!40101 SET @saved_cs_client     = @@character_set_client */;
/*!40101 SET character_set_client = utf8 */;
CREATE TABLE `Player` (
  `id` int(11) NOT NULL AUTO_INCREMENT,
  `tag` varchar(9) COLLATE utf8_unicode_ci DEFAULT NULL,
  `profile_id` int(11) DEFAULT NULL,
  `name` varchar(32) COLLATE utf8_unicode_ci DEFAULT NULL,
  `th` int(11) DEFAULT NULL,
  PRIMARY KEY (`id`),
  KEY `IDX_9FB57F53CCFA12B8` (`profile_id`),
  CONSTRAINT `FK_9FB57F53CCFA12B8` FOREIGN KEY (`profile_id`) REFERENCES `Profile` (`id`)
) ENGINE=InnoDB AUTO_INCREMENT=528 DEFAULT CHARSET=utf8 COLLATE=utf8_unicode_ci;
/*!40101 SET character_set_client = @saved_cs_client */;

--
-- Dumping data for table `Player`
--

LOCK TABLES `Player` WRITE;
/*!40000 ALTER TABLE `Player` DISABLE KEYS */;
INSERT INTO `Player` VALUES (1,'#2JLRJJQ',1,'RobH',9),(2,'#9LGYYVP0',NULL,'BStewy',10),(3,'#LLUY82GU',4,'IMPERIUM',10),(4,'#JPPRVQPY',5,'Duston',10),(5,'#J9QU8YV',NULL,'Moriendo',9),(6,'#RQ8QC2V',NULL,'Allgravy',10),(7,'',NULL,'anparask',9),(8,'#LRCRJQ2V',NULL,'King Lumar$',9),(9,'',NULL,'The Paladronian',10),(10,'#J8GUYU2G',5,'3inchSchmit',9),(11,'#20J92LL0',NULL,'LeaNdroj',9),(12,'#9GQ88CQL',4,'firestash',9),(13,'',NULL,'Big Papa Pump',NULL),(14,'#CJ0Y00C',NULL,'HEAT',10),(15,'#UUVQYC98',NULL,'stephen_wazy',10),(16,'#LRRP2V0Y',NULL,'baylorgrade02',9),(17,'#RGURV8JV',NULL,'Jannick',10),(18,'#8PYU9CLV',NULL,'MAKI',9),(19,'#YCJQ0CP8',NULL,'RO\'s Stone Fist',9),(20,'#2PJJU80R',2,'Stephen Cotty',9),(21,'#YJ8QCJL8',NULL,'Ahsan',9),(22,'#P00PL99U',NULL,'Shah',9),(23,'#8RLPUCLQ',NULL,'Ender',9),(24,'#8R80YQ8U',NULL,'PANTYWEDGE',10),(25,'#G2C2GYGU',NULL,'Boomstah',9),(26,'#YLQQVJRL',NULL,'tomartomar',9),(27,'',NULL,'CptPlanet',NULL),(28,'#JQVRG8J',NULL,'Hunter',9),(29,'',NULL,'DON WILLIEOWNS',9),(30,'',NULL,'HELLSING',NULL),(31,'#GRRQQQ2C',3,'Mr. Clean2382',9),(32,'#P90LJQL0',NULL,'madden05kid',9),(33,'#9UGRQLLC',NULL,'J4sperC',9),(34,'#PRRG00QU',NULL,'diputresu',9),(46,'',NULL,'Adam',NULL),(47,'',NULL,'Husaria-Racing',NULL),(48,'',NULL,'300',NULL),(49,'',NULL,'chata',NULL),(50,'',NULL,'XeniaAga',NULL),(51,'',NULL,'markac71',NULL),(52,'',NULL,'barbier',NULL),(53,'',NULL,'mateusz',NULL),(54,'',NULL,'pool',NULL),(55,'',NULL,'iza1985',NULL),(56,'',NULL,'erwino',NULL),(58,'',NULL,'tomek',NULL),(59,'',NULL,'karllo',NULL),(60,'',NULL,'karol',NULL),(61,'',NULL,'luka dans',NULL),(62,'',NULL,'xDaar',NULL),(63,'',NULL,'izulka',NULL),(64,'',NULL,'Bodzio09',NULL),(65,'',NULL,'Miki',NULL),(66,'',NULL,'mikolaj',NULL),(67,'',NULL,'slon',NULL),(68,'',NULL,'JANEK',NULL),(69,'',NULL,'greg',NULL),(70,'',NULL,'lukasz',NULL),(71,'',NULL,'pawszy',NULL),(72,'',NULL,'jurczy',NULL),(73,'',NULL,'majk1984',NULL),(74,'',NULL,'kalel',NULL),(75,'',NULL,'rastas72',NULL),(76,'',NULL,'jano',NULL),(78,'',NULL,'conley14',NULL),(79,'',NULL,'Diago',NULL),(80,'',NULL,'samsky',NULL),(81,'',NULL,'df',NULL),(82,'',NULL,'Yaour',NULL),(83,'',NULL,'Galaxy.s.4',NULL),(84,'',NULL,'Romiowow',NULL),(85,'',NULL,'AmgooDi',NULL),(86,'',NULL,'khaleddiver',NULL),(87,'',NULL,'Ashour',NULL),(88,'',NULL,'welly21kokytt',NULL),(89,'',NULL,'Serafy',NULL),(90,'',NULL,'shery',NULL),(91,'',NULL,'shorafa',NULL),(92,'',NULL,'Dr. Zero',NULL),(93,'',NULL,'---',NULL),(94,'',NULL,'amr shabrawy',NULL),(95,'',NULL,'he_bad',NULL),(96,'',NULL,'leba labib',NULL),(97,'',NULL,'Khaled Ghareeb',NULL),(98,'',NULL,'7mada',NULL),(99,'',NULL,'MARIO',NULL),(100,'',NULL,'Monsef',NULL),(101,'',NULL,'mannooz',NULL),(102,'',NULL,'i ((HeRoO)) i',NULL),(103,'',NULL,'Mohamed Gabr',NULL),(104,'',NULL,'aviator',NULL),(105,'',NULL,'Toxic 7',NULL),(106,'',NULL,'ahmed hassan',NULL),(107,'',NULL,'mostafa',NULL),(108,'#C0L8R0UL',NULL,'dlink',10),(109,'',NULL,'James',NULL),(110,'',NULL,'MeanDaddyJesse',NULL),(111,'',NULL,'oz',NULL),(112,'',NULL,'tibe339',NULL),(113,'',NULL,'shackamar',NULL),(114,'',NULL,'Chandler',NULL),(115,'',NULL,'Zedar',NULL),(116,'',NULL,'Masco31',NULL),(117,'',NULL,'PratPatel',NULL),(118,'',NULL,'AS7z',NULL),(119,'',NULL,'Fx4Yusef',NULL),(120,'',NULL,'Azzuron',NULL),(121,'',NULL,'Krowox',NULL),(122,'',NULL,'mike',NULL),(123,'',NULL,'dan',NULL),(124,'',NULL,'Will',NULL),(125,'',NULL,'adil',NULL),(126,'',NULL,'BWoodyD2',NULL),(127,'',NULL,'cthomas00',NULL),(128,'',NULL,'jazzy kiddy',NULL),(129,'',NULL,'tom',NULL),(130,'',NULL,'liam',NULL),(131,'',NULL,'R-kADE--',NULL),(132,'',NULL,'Oscar',NULL),(133,'',NULL,'burtsauce',NULL),(134,'',NULL,'[] Oggie []',NULL),(135,'',NULL,'{~Frustratib~}',NULL),(136,'',NULL,'magic911',NULL),(137,'',NULL,'jace',NULL),(138,'',NULL,'Leon',NULL),(139,'',NULL,'xxray5',10),(140,'',NULL,'BrianJarett',NULL),(141,'',NULL,'ank',NULL),(142,'',NULL,'Amos',NULL),(143,'',NULL,'Tim',NULL),(144,'',NULL,'%<jonesatron>%',NULL),(145,'',NULL,'Retintintin',NULL),(146,'',NULL,'apocd21',NULL),(147,'',NULL,'jjjjjjjjjjjj',NULL),(148,'',NULL,'exteria',NULL),(149,'',NULL,'Rezzi420',NULL),(150,'',NULL,'Max6825',NULL),(151,'',NULL,'Legolas',NULL),(152,'',NULL,'BA',NULL),(153,'',NULL,'Poco',NULL),(154,'',NULL,'Fire Dragon',NULL),(155,'',NULL,'The Greatest',NULL),(156,'',NULL,'XclSavage',NULL),(157,'',NULL,'keonij',NULL),(158,'',NULL,'Chea',NULL),(159,'',NULL,'wrestling95',NULL),(160,'',NULL,'koopa',NULL),(161,'',NULL,'ColtonM&S',NULL),(162,'',NULL,'Garethor',NULL),(163,'',NULL,'Doom',NULL),(164,'',NULL,'cjp',NULL),(165,'',NULL,'Mike',NULL),(166,'',NULL,'Frank Dha Tank',NULL),(167,'',NULL,'Incognito',NULL),(168,'',NULL,'Lord Nimbus %',NULL),(169,'',NULL,'Carnage',NULL),(170,'',NULL,'vince',NULL),(171,'',NULL,'---',NULL),(172,'',NULL,'Alvin155',NULL),(173,'',NULL,'Kytqmss',NULL),(174,'',NULL,'rango',NULL),(175,'',NULL,'hi.hidy',NULL),(176,'',NULL,'invincible',NULL),(177,'',NULL,'ricky88bb',NULL),(178,'',NULL,'Ronald',NULL),(179,'',NULL,'---',NULL),(180,'',NULL,'bluefox',NULL),(181,'',NULL,'summerlee',NULL),(182,'',NULL,'Wing9537',NULL),(183,'',NULL,'WaterKimi',NULL),(184,'',NULL,'paras',NULL),(185,'',NULL,'Kin',NULL),(186,'',NULL,'kellychu',NULL),(187,'',NULL,'brady---',NULL),(188,'',NULL,'Hyvan',NULL),(189,'',NULL,'Tear\'s',NULL),(190,'',NULL,'ALAALA',NULL),(191,'',NULL,'LouiseTown',NULL),(192,'',NULL,'---',NULL),(193,'',NULL,'Bun P',NULL),(194,'',NULL,'sang',NULL),(195,'',NULL,'Bekitas',NULL),(196,'',NULL,'renatoperna',NULL),(197,'',NULL,'magnif',NULL),(198,'',NULL,'renan',NULL),(199,'',NULL,'fkonishi',NULL),(200,'',NULL,'tiffany',9),(201,'',NULL,'Carvalhovysk',NULL),(202,'',NULL,'pao de qjo',NULL),(203,'',NULL,'Lorde Coroa',NULL),(204,'',NULL,'Irio Gonzales',NULL),(205,'',NULL,'MfA',NULL),(206,'',NULL,'AyrtoN',NULL),(207,'',NULL,'Orion: O Grande',NULL),(208,'',NULL,'gabriel 10',NULL),(209,'',NULL,'Remy',NULL),(210,'',NULL,'Duffles07',NULL),(211,'',NULL,'Mauricio D.',NULL),(212,'',NULL,'MaXiMuS',NULL),(213,'',NULL,'baron',NULL),(214,'',NULL,'mateusrib19',NULL),(215,'',NULL,'KidBengalaJr',NULL),(216,'',NULL,'mstodolni7',NULL),(217,'',NULL,'Matheus',NULL),(218,'',NULL,'marcelo novaes',NULL),(219,'',NULL,'Charada',NULL),(220,'',NULL,'digo oliveira',NULL),(221,'',NULL,'Set',NULL),(222,'',NULL,'$ZICA$',NULL),(223,'',NULL,'balozovei',NULL),(224,'',NULL,'Pablo Fernandez',NULL),(225,'',NULL,'alan',NULL),(226,'#QUR2C0U9',NULL,'DrkCirius',10),(227,'',NULL,'Showwwwteeeeeee',9),(228,'',NULL,'JKoffler22',9),(229,'',NULL,'jazx122011',9),(230,'',NULL,'oldmanfris',NULL),(231,'',NULL,'Kelazab',NULL),(232,'',NULL,'iownu',NULL),(233,'',NULL,'jbzy',NULL),(234,'',NULL,'theDauer',NULL),(235,'',NULL,'Mick',NULL),(236,'',NULL,'^ I Rule U ^',NULL),(237,'',NULL,'stanv15',NULL),(238,'',NULL,'brownie',NULL),(239,'',NULL,'key',NULL),(240,'',NULL,'Dr.D',NULL),(241,'',NULL,'Russ',NULL),(242,'',NULL,'AznNinja',NULL),(243,'',NULL,'Black Fade',NULL),(244,'',NULL,'AgniKai',NULL),(245,'',NULL,'Tatted Vikan',NULL),(246,'',NULL,'Lukulos',NULL),(247,'',NULL,'aprenti12',NULL),(248,'',NULL,'gorg',NULL),(249,'',NULL,'Rico',NULL),(250,'',NULL,'migael',NULL),(251,'',NULL,'Dr Hax Zaw',NULL),(252,'',NULL,'cody',NULL),(253,'',NULL,'ipod pro-1',NULL),(254,'',NULL,'Wynand014',NULL),(255,'',NULL,'kamakazi1791',NULL),(256,'',NULL,'Red Regish',NULL),(257,'',NULL,'Armored Titan',NULL),(258,'',NULL,'zach',NULL),(259,'',NULL,'ashleigh',NULL),(260,'',NULL,'dt',NULL),(261,'',NULL,'omnifarius',NULL),(262,'',NULL,'kOnfusion',NULL),(263,'',NULL,'Apocalypse',NULL),(264,'',NULL,'lardarius',NULL),(265,'',NULL,'Running_Man23',NULL),(266,'',NULL,'jay',NULL),(267,'',NULL,'jmwerner1123',NULL),(268,'',NULL,'Vincent',NULL),(269,'',NULL,'arik',NULL),(270,'',NULL,'FlowJo86',NULL),(271,'',NULL,'Squirrly',NULL),(272,'',NULL,'vonchon08',NULL),(273,'',NULL,'Hazmat440',NULL),(274,'',NULL,'cole',NULL),(275,'',NULL,'crazzzy doee',NULL),(276,'',NULL,'Ghost',NULL),(277,'',NULL,'marshall0483',NULL),(278,'',NULL,'~^pAmSkY^~',NULL),(279,'',NULL,'blvck',NULL),(280,'',NULL,'Lu',NULL),(281,'',NULL,'Ian',NULL),(282,'',NULL,'berrylucky',NULL),(283,'',NULL,'Emanyueru',NULL),(284,'',NULL,'holdmydiick',NULL),(285,'',NULL,'Cayder',NULL),(286,'',NULL,'SillyRabbit',NULL),(287,'',NULL,'Trey',NULL),(288,'',NULL,'Artorias',NULL),(289,'',NULL,'PB & Trelly',NULL),(291,'#YYVL9922',NULL,'Abe Froman',10),(292,'',NULL,'WhiteTiger',9),(293,'',NULL,'Tomone',NULL),(294,'',NULL,'allaboutdatbase',NULL),(295,'',NULL,'wes',NULL),(296,'',NULL,'dbowe',NULL),(297,'',NULL,'jayden',NULL),(298,'',NULL,'Richard',NULL),(299,'',NULL,'Paul',NULL),(300,'',NULL,'Akrebs92',NULL),(301,'',NULL,'Anselm',NULL),(302,'',NULL,'Power Puff Bro',NULL),(303,'',NULL,'Ashook',NULL),(304,'',NULL,'kamikazinater',NULL),(305,'',NULL,'chuck norris',NULL),(306,'',NULL,'JangoFett33',NULL),(307,'',NULL,'Suave Bear',NULL),(308,'',NULL,'brandon',NULL),(309,'',NULL,'zeus',NULL),(310,'',NULL,'MrAnthony',NULL),(311,'',NULL,'Sonarpas',NULL),(312,'',NULL,'The Phatty',NULL),(313,'',NULL,'Doe',NULL),(314,'',NULL,'elnino',NULL),(315,'',NULL,'Jazzy J',NULL),(316,'',NULL,'atomic chihuahu',NULL),(317,'',NULL,'Arthas776',NULL),(318,'',NULL,'litboo',NULL),(319,'',NULL,'Jeanhuynh91',NULL),(320,'',NULL,'Trungpvhp',NULL),(321,'',NULL,'Vina Land',NULL),(322,'',NULL,'DISCONNECTED',NULL),(323,'',NULL,'BossVinaland',NULL),(324,'',NULL,'Nho',NULL),(325,'',NULL,'Mr Thang',NULL),(326,'',NULL,'hotgirl vn',NULL),(327,'',NULL,'duyphu',NULL),(328,'',NULL,'King Vinaland',NULL),(329,'',NULL,'lucky',NULL),(330,'',NULL,'to rung',NULL),(331,'',NULL,'Thinh $ Trang',NULL),(332,'',NULL,'tmR Jin Rtm',NULL),(333,'',NULL,'ThangKon',NULL),(334,'',NULL,'_tung',NULL),(335,'',NULL,'Hai Phong',NULL),(336,'',NULL,'VinalandBigBoss',NULL),(337,'',NULL,'Vina Milk',NULL),(338,'',NULL,'Do Van Hoan',NULL),(339,'',NULL,'PhamHaMi',NULL),(340,'',NULL,'tt Cu - Den tt',NULL),(341,'',NULL,'PoliceDA',NULL),(342,'',NULL,'NikeCortez',NULL),(343,'#9RU2LYCY',NULL,'YankeeHater',9),(344,'#2J09R28',NULL,'buzz',9),(345,'',NULL,'siavash',9),(346,'#LRQP8R8Q',NULL,'Bebo_78 :^)',9),(347,'#299VL82',NULL,'<brocko>',9),(348,'',NULL,'Erdi',NULL),(349,'',NULL,'bekie',NULL),(350,'',NULL,'ozkan',NULL),(351,'',NULL,'captain',NULL),(352,'',NULL,'mudi',NULL),(353,'',NULL,'Emre',NULL),(354,'',NULL,'Emino',NULL),(355,'',NULL,'BlackMonster',NULL),(356,'',NULL,'mukass',NULL),(357,'',NULL,'fs1461',NULL),(358,'',NULL,'Parcala',NULL),(359,'',NULL,'TT Arena',NULL),(360,'',NULL,'narkoo',NULL),(361,'',NULL,'Ayberk',NULL),(362,'',NULL,'greathealer',NULL),(363,'',NULL,'kaan',NULL),(364,'',NULL,'Mesut C',NULL),(365,'',NULL,'sinanus',NULL),(366,'',NULL,'kemal',NULL),(367,'',NULL,'rahimm23',NULL),(368,'',NULL,'Mehti Asker',NULL),(369,'',NULL,'Testi',NULL),(370,'',NULL,'Eduardo jaguar',NULL),(371,'',NULL,'c.cicek',NULL),(372,'',NULL,'AvengersOfClans',NULL),(374,'#C0JLLCUG',NULL,'perrymlvr.',9),(375,'#L8PVPVGG',NULL,'thor',9),(376,NULL,NULL,'Some Asian Guy',NULL),(377,NULL,NULL,'Some Asian Guy',NULL),(378,NULL,NULL,'Some Asian Guy',NULL),(379,NULL,NULL,'Some Asian Guy',NULL),(380,NULL,NULL,'Some Asian Guy',NULL),(381,NULL,NULL,'Some Asian Guy',NULL),(382,NULL,NULL,'panchangchun123',NULL),(383,NULL,NULL,'fa',NULL),(384,NULL,NULL,'Some Asian Guy',NULL),(385,NULL,NULL,'wsjlnguo',NULL),(386,NULL,NULL,'[+:..0:+]',NULL),(387,NULL,NULL,'Some Asian Guy',NULL),(388,NULL,NULL,'Some Asian Guy',NULL),(389,NULL,NULL,'Some Asian Guy',NULL),(390,NULL,NULL,'Derest_Eagel',NULL),(391,NULL,NULL,'...PJF',NULL),(392,NULL,NULL,'Some Asian Guy',NULL),(393,NULL,NULL,'Some Asian Guy',NULL),(394,NULL,NULL,'Some Asian Guy',NULL),(395,NULL,NULL,'Some Asian Guy',NULL),(396,NULL,NULL,'Some Asian Guy',NULL),(397,NULL,NULL,'Some Asian Guy',NULL),(398,NULL,NULL,'Some Asian Guy',NULL),(399,NULL,NULL,'... (king)',NULL),(400,NULL,NULL,'Killer boss',NULL),(401,NULL,NULL,'Some Asian Guy',NULL),(402,NULL,NULL,'wai',NULL),(403,NULL,NULL,'... (KKH)',NULL),(404,NULL,NULL,'Some Asian Guy',NULL),(405,NULL,NULL,'Some Asian Guy',NULL),(406,'#R9RCCVQ9',NULL,'ShutUpAndObey',9),(407,'#J8J028RJ',NULL,'KEVIN',9),(408,'#R2RJLC0V',NULL,'ankush',9),(409,NULL,NULL,'Some Asian Guy',NULL),(410,NULL,NULL,'Some Asian Guy',NULL),(411,NULL,NULL,'Some Asian Guy',NULL),(412,NULL,NULL,'Some Asian Guy',NULL),(413,NULL,NULL,'biggerman13',NULL),(414,NULL,NULL,'Some Asian Guy',NULL),(415,NULL,NULL,'Some Asian Guy',NULL),(416,NULL,NULL,'Some Asian Guy',NULL),(417,NULL,NULL,'Some Asian Guy',NULL),(418,NULL,NULL,'ju',NULL),(419,NULL,NULL,'Some Asian Guy',NULL),(420,NULL,NULL,'Core Amp',NULL),(421,NULL,NULL,'Some Asian Guy',NULL),(422,NULL,NULL,'Some Asian Guy',NULL),(423,NULL,NULL,'Some Asian Guy',NULL),(424,NULL,NULL,'masaco',NULL),(425,NULL,NULL,'Some Asian Guy',NULL),(426,NULL,NULL,'Miracle',NULL),(427,NULL,NULL,'Hanryang_J',NULL),(428,NULL,NULL,'-+hoonsama+-',NULL),(429,NULL,NULL,'islet',NULL),(430,NULL,NULL,'Some Asian Guy',NULL),(431,NULL,NULL,'Some Asian Guy',NULL),(432,NULL,NULL,'kingja',NULL),(433,NULL,NULL,'Some Asian Guy',NULL),(434,NULL,NULL,'Some Asian Guy',NULL),(435,NULL,NULL,'Some Asian Guy',NULL),(436,NULL,NULL,'Some Asian Guy',NULL),(437,NULL,NULL,'Some Asian Guy',NULL),(438,NULL,NULL,'Some Asian Guy',NULL),(439,'#8JGQC09C',NULL,'Smash',10),(440,NULL,NULL,'Some Asian Guy',NULL),(441,NULL,NULL,'Some Asian Guy',NULL),(442,NULL,NULL,'Some Asian Guy',NULL),(443,NULL,NULL,'Some Asian Guy',NULL),(444,NULL,NULL,'Some Asian Guy',NULL),(445,NULL,NULL,'Some Asian Guy',NULL),(446,NULL,NULL,'batman',NULL),(447,NULL,NULL,'Some Asian Guy',NULL),(448,NULL,NULL,'Some Asian Guy',NULL),(449,NULL,NULL,'Some Asian Guy',NULL),(450,NULL,NULL,'(^^)7up(^^)',NULL),(451,NULL,NULL,'Some Asian Guy',NULL),(452,NULL,NULL,'ssss',NULL),(453,NULL,NULL,'denglihao',NULL),(454,NULL,NULL,'long3846',NULL),(455,NULL,NULL,'Some Asian Guy',NULL),(456,NULL,NULL,'Some Asian Guy',NULL),(457,NULL,NULL,'Ssss',NULL),(458,NULL,NULL,'hong',NULL),(459,NULL,NULL,'Some Asian Guy',NULL),(460,NULL,NULL,'Some Asian Guy',NULL),(461,NULL,NULL,'Some Asian Guy',NULL),(462,NULL,NULL,'gan',NULL),(463,NULL,NULL,'Some Asian Guy',NULL),(464,NULL,NULL,'Some Asian Guy',NULL),(465,NULL,NULL,'tyrant',NULL),(466,NULL,NULL,'L t SU',NULL),(467,NULL,NULL,'Some Asian Guy',NULL),(468,NULL,NULL,'---Jack',NULL),(469,NULL,NULL,'Some Asian Guy',NULL),(470,'#LUCQGLUJ',NULL,'Brock',9),(471,'#YYYYP8PR',NULL,'---J---T---',9),(472,NULL,NULL,'mark',NULL),(473,NULL,NULL,'the_f14',NULL),(474,NULL,NULL,'jjjjjjjjjjjj',NULL),(475,NULL,NULL,'gdtony',NULL),(476,NULL,NULL,'gleb',NULL),(477,NULL,NULL,'jurik',NULL),(478,NULL,NULL,'IG',NULL),(479,NULL,NULL,'Venask',NULL),(480,NULL,NULL,'Kirill T.',NULL),(481,NULL,NULL,'denchii',NULL),(482,NULL,NULL,'pingvinn',NULL),(483,NULL,NULL,'pactya',NULL),(484,NULL,NULL,'luka',NULL),(485,NULL,NULL,'ParTy^',NULL),(486,NULL,NULL,'Misha',NULL),(487,NULL,NULL,'nalbatick',NULL),(488,NULL,NULL,'katyaniki',NULL),(489,NULL,NULL,'Igor',NULL),(490,NULL,NULL,'tima',NULL),(491,NULL,NULL,'andrey',NULL),(492,NULL,NULL,'.*(kicha)*.',NULL),(493,NULL,NULL,'bapmarnot',NULL),(494,NULL,NULL,'Masanse',NULL),(495,NULL,NULL,'Smail.xc6',NULL),(496,NULL,NULL,'Kutovoy',NULL),(497,NULL,NULL,'plohish_ua',NULL),(498,NULL,NULL,'DeNbKa',NULL),(499,NULL,NULL,'HeBlxoD',NULL),(500,NULL,NULL,'Graceless',NULL),(501,NULL,NULL,'wlad',NULL),(502,NULL,NULL,'Tom_Bohla',NULL),(503,NULL,NULL,'Kiki',NULL),(504,NULL,NULL,'Ther!ght',NULL),(505,NULL,NULL,'mrfeelings',NULL),(506,NULL,NULL,'?******?',NULL),(507,NULL,NULL,'<PeEck>',NULL),(508,NULL,NULL,'Flexx',NULL),(509,NULL,NULL,'ypsil lon',NULL),(510,NULL,NULL,'Fabiii;)',NULL),(511,NULL,NULL,'Ich*bin\'sz',NULL),(512,NULL,NULL,'saeed cr7',NULL),(513,NULL,NULL,'Cabalito10',NULL),(514,NULL,NULL,'sandro',NULL),(515,NULL,NULL,'leon',NULL),(516,NULL,NULL,'Nic',NULL),(517,NULL,NULL,'M4n128',NULL),(518,NULL,NULL,'Splintercell',NULL),(519,NULL,NULL,'TouchMeIfYouCan',NULL),(520,NULL,NULL,'T08ik',NULL),(521,NULL,NULL,'Kobra',NULL),(522,NULL,NULL,'USAD',NULL),(523,NULL,NULL,'sleepMASSIVE',NULL),(524,NULL,NULL,'m4ri0 56',NULL),(525,NULL,NULL,'Lulu',NULL),(526,NULL,NULL,'malte',NULL),(527,'#G9VQGCLR',NULL,'RICKY BOBBY',10);
/*!40000 ALTER TABLE `Player` ENABLE KEYS */;
UNLOCK TABLES;

--
-- Table structure for table `Profile`
--

DROP TABLE IF EXISTS `Profile`;
/*!40101 SET @saved_cs_client     = @@character_set_client */;
/*!40101 SET character_set_client = utf8 */;
CREATE TABLE `Profile` (
  `id` int(11) NOT NULL AUTO_INCREMENT,
  `user_id` int(11) DEFAULT NULL,
  `name` varchar(32) COLLATE utf8_unicode_ci NOT NULL,
  `facebookname` varchar(32) COLLATE utf8_unicode_ci NOT NULL,
  `facebookprofile` varchar(64) COLLATE utf8_unicode_ci NOT NULL,
  PRIMARY KEY (`id`),
  UNIQUE KEY `UNIQ_4EEA93939F39A6CC` (`facebookprofile`),
  UNIQUE KEY `UNIQ_4EEA9393A76ED395` (`user_id`),
  CONSTRAINT `FK_4EEA9393A76ED395` FOREIGN KEY (`user_id`) REFERENCES `User` (`id`)
) ENGINE=InnoDB AUTO_INCREMENT=6 DEFAULT CHARSET=utf8 COLLATE=utf8_unicode_ci;
/*!40101 SET character_set_client = @saved_cs_client */;

--
-- Dumping data for table `Profile`
--

LOCK TABLES `Profile` WRITE;
/*!40000 ALTER TABLE `Profile` DISABLE KEYS */;
INSERT INTO `Profile` VALUES (1,1,'Rob Haverkort','Rob Haverkort','https://www.facebook.com/rob.haverkort'),(2,2,'Stephen Cotty','Stephen Mark Cotty','https://www.facebook.com/stephen.m.cotty'),(3,3,'Joseph Hocker','Joseph Hocker','https://www.facebook.com/profile.php?id=100005491788904'),(4,NULL,'Joe Ross','Joe Ross','https://www.facebook.com/joe.ross.7921975'),(5,NULL,'Duston Taylor','Duston Taylor','https://www.facebook.com/profile.php?id=100005336027175');
/*!40000 ALTER TABLE `Profile` ENABLE KEYS */;
UNLOCK TABLES;

--
-- Table structure for table `Role`
--

DROP TABLE IF EXISTS `Role`;
/*!40101 SET @saved_cs_client     = @@character_set_client */;
/*!40101 SET character_set_client = utf8 */;
CREATE TABLE `Role` (
  `id` int(11) NOT NULL AUTO_INCREMENT,
  `name` varchar(30) COLLATE utf8_unicode_ci NOT NULL,
  `role` varchar(20) COLLATE utf8_unicode_ci NOT NULL,
  PRIMARY KEY (`id`),
  UNIQUE KEY `UNIQ_F75B255457698A6A` (`role`)
) ENGINE=InnoDB AUTO_INCREMENT=3 DEFAULT CHARSET=utf8 COLLATE=utf8_unicode_ci;
/*!40101 SET character_set_client = @saved_cs_client */;

--
-- Dumping data for table `Role`
--

LOCK TABLES `Role` WRITE;
/*!40000 ALTER TABLE `Role` DISABLE KEYS */;
INSERT INTO `Role` VALUES (1,'admin','ROLE_ADMIN'),(2,'user','ROLE_USER');
/*!40000 ALTER TABLE `Role` ENABLE KEYS */;
UNLOCK TABLES;

--
-- Table structure for table `User`
--

DROP TABLE IF EXISTS `User`;
/*!40101 SET @saved_cs_client     = @@character_set_client */;
/*!40101 SET character_set_client = utf8 */;
CREATE TABLE `User` (
  `id` int(11) NOT NULL AUTO_INCREMENT,
  `username` varchar(25) COLLATE utf8_unicode_ci NOT NULL,
  `password` varchar(64) COLLATE utf8_unicode_ci NOT NULL,
  `email` varchar(60) COLLATE utf8_unicode_ci NOT NULL,
  `is_active` tinyint(1) NOT NULL,
  PRIMARY KEY (`id`),
  UNIQUE KEY `UNIQ_2DA17977F85E0677` (`username`),
  UNIQUE KEY `UNIQ_2DA17977E7927C74` (`email`)
) ENGINE=InnoDB AUTO_INCREMENT=4 DEFAULT CHARSET=utf8 COLLATE=utf8_unicode_ci;
/*!40101 SET character_set_client = @saved_cs_client */;

--
-- Dumping data for table `User`
--

LOCK TABLES `User` WRITE;
/*!40000 ALTER TABLE `User` DISABLE KEYS */;
INSERT INTO `User` VALUES (1,'robh','$2y$13$PPOr3SMYa/aOTDT2NM2yvuEDG4BPMNOd9sFUnj1eUkpS1jm38b9/2','rob.haverkort@ziggo.nl',1),(2,'stephenc','$2a$12$kfI325vh5ewWuPApNS6Zlel1Wh2iOgsYTmfd0BZL9LwffvijyKOvi','stephen@cotty.sa',1),(3,'joec','$2a$12$Xjfv/BfLp7CG/LzgtmxEmuQ7iKpbO1K3FnLt80Zd0SAuYRWXFSJlW','joe@clean.net',1);
/*!40000 ALTER TABLE `User` ENABLE KEYS */;
UNLOCK TABLES;

--
-- Table structure for table `War`
--

DROP TABLE IF EXISTS `War`;
/*!40101 SET @saved_cs_client     = @@character_set_client */;
/*!40101 SET character_set_client = utf8 */;
CREATE TABLE `War` (
  `id` int(11) NOT NULL AUTO_INCREMENT,
  `start` datetime NOT NULL,
  `size` int(11) NOT NULL,
  PRIMARY KEY (`id`)
) ENGINE=InnoDB AUTO_INCREMENT=20 DEFAULT CHARSET=utf8 COLLATE=utf8_unicode_ci;
/*!40101 SET character_set_client = @saved_cs_client */;

--
-- Dumping data for table `War`
--

LOCK TABLES `War` WRITE;
/*!40000 ALTER TABLE `War` DISABLE KEYS */;
INSERT INTO `War` VALUES (1,'2015-04-14 21:33:00',30),(4,'2015-04-17 00:30:00',30),(5,'2015-04-19 01:05:00',30),(6,'2015-04-21 01:20:00',30),(7,'2015-04-23 01:55:00',25),(8,'2015-04-25 02:35:00',30),(9,'2016-04-27 03:00:00',30),(10,'2015-04-29 03:10:00',30),(11,'2015-05-01 06:30:00',25),(12,'2015-05-03 08:10:00',25),(13,'2015-05-05 11:00:00',25),(14,'2015-05-07 11:40:00',30),(15,'2015-05-09 14:50:00',30),(16,'2015-05-11 16:45:00',30),(17,'2015-05-13 18:50:00',30),(18,'2015-05-15 21:25:00',25),(19,'2015-05-17 22:15:00',25);
/*!40000 ALTER TABLE `War` ENABLE KEYS */;
UNLOCK TABLES;

--
-- Table structure for table `Warclan`
--

DROP TABLE IF EXISTS `Warclan`;
/*!40101 SET @saved_cs_client     = @@character_set_client */;
/*!40101 SET character_set_client = utf8 */;
CREATE TABLE `Warclan` (
  `id` int(11) NOT NULL AUTO_INCREMENT,
  `clan_id` int(11) DEFAULT NULL,
  `war_id` int(11) DEFAULT NULL,
  `wins` int(11) NOT NULL,
  PRIMARY KEY (`id`),
  KEY `IDX_85161B07BEAF84C8` (`clan_id`),
  KEY `IDX_85161B075B81B612` (`war_id`),
  CONSTRAINT `FK_85161B075B81B612` FOREIGN KEY (`war_id`) REFERENCES `War` (`id`),
  CONSTRAINT `FK_85161B07BEAF84C8` FOREIGN KEY (`clan_id`) REFERENCES `Clan` (`id`)
) ENGINE=InnoDB AUTO_INCREMENT=39 DEFAULT CHARSET=utf8 COLLATE=utf8_unicode_ci;
/*!40101 SET character_set_client = @saved_cs_client */;

--
-- Dumping data for table `Warclan`
--

LOCK TABLES `Warclan` WRITE;
/*!40000 ALTER TABLE `Warclan` DISABLE KEYS */;
INSERT INTO `Warclan` VALUES (1,1,1,167),(2,5,1,117),(7,1,4,168),(8,11,4,17),(9,1,5,169),(10,12,5,50),(11,1,6,170),(12,13,6,89),(13,1,7,170),(14,14,7,80),(15,1,8,171),(16,15,8,111),(17,1,9,172),(18,16,9,95),(19,1,10,173),(20,17,10,71),(21,1,11,174),(22,18,11,121),(23,1,12,175),(24,19,12,70),(25,1,13,176),(26,20,13,149),(27,1,14,177),(28,21,14,78),(29,1,15,178),(30,22,15,74),(31,1,16,179),(32,23,16,55),(33,1,17,180),(34,24,17,140),(35,1,18,181),(36,25,18,19),(37,1,19,182),(38,26,19,31);
/*!40000 ALTER TABLE `Warclan` ENABLE KEYS */;
UNLOCK TABLES;

--
-- Table structure for table `Warevent`
--

DROP TABLE IF EXISTS `Warevent`;
/*!40101 SET @saved_cs_client     = @@character_set_client */;
/*!40101 SET character_set_client = utf8 */;
CREATE TABLE `Warevent` (
  `id` int(11) NOT NULL AUTO_INCREMENT,
  `stars` int(11) NOT NULL,
  `percent` int(11) NOT NULL,
  `time` time NOT NULL,
  `attacker_id` int(11) DEFAULT NULL,
  `defender_id` int(11) DEFAULT NULL,
  PRIMARY KEY (`id`),
  KEY `IDX_AC66339765F8CAE3` (`attacker_id`),
  KEY `IDX_AC6633974A3E3B6F` (`defender_id`),
  CONSTRAINT `FK_AC6633974A3E3B6F` FOREIGN KEY (`defender_id`) REFERENCES `Warplayer` (`id`),
  CONSTRAINT `FK_AC66339765F8CAE3` FOREIGN KEY (`attacker_id`) REFERENCES `Warplayer` (`id`)
) ENGINE=InnoDB AUTO_INCREMENT=1372 DEFAULT CHARSET=utf8 COLLATE=utf8_unicode_ci;
/*!40101 SET character_set_client = @saved_cs_client */;

--
-- Dumping data for table `Warevent`
--

LOCK TABLES `Warevent` WRITE;
/*!40000 ALTER TABLE `Warevent` DISABLE KEYS */;
INSERT INTO `Warevent` VALUES (1,3,100,'23:34:00',237,207),(2,1,50,'23:28:00',183,212),(3,3,100,'23:14:00',232,199),(4,3,100,'23:10:00',231,203),(5,3,100,'23:05:00',223,195),(6,3,100,'22:50:00',192,223),(7,1,85,'22:46:00',227,194),(8,3,100,'22:40:00',233,202),(9,3,100,'22:34:00',212,188),(10,3,100,'22:30:00',228,192),(11,3,100,'22:27:00',230,201),(12,3,100,'22:20:00',236,205),(13,3,100,'22:10:00',224,196),(14,3,100,'22:01:00',221,197),(15,3,100,'21:59:00',235,208),(16,2,73,'21:48:00',203,233),(17,1,90,'21:16:00',219,189),(18,1,92,'21:08:00',192,224),(19,3,100,'21:02:00',209,240),(20,3,100,'20:46:00',232,198),(21,2,50,'20:33:00',183,217),(22,3,100,'20:32:00',220,183),(23,2,56,'20:25:00',222,182),(24,2,87,'20:21:00',196,226),(25,2,51,'20:15:00',186,215),(26,3,100,'20:04:00',213,190),(27,3,100,'19:52:00',227,193),(28,3,100,'19:29:00',230,204),(29,1,42,'19:28:00',182,213),(30,1,50,'19:14:00',223,191),(31,3,100,'19:08:00',188,220),(32,3,100,'19:02:00',224,194),(33,1,66,'18:52:00',239,209),(34,2,60,'18:49:00',189,219),(35,3,100,'18:45:00',209,239),(36,3,100,'18:33:00',197,231),(37,3,100,'18:18:00',208,238),(38,3,100,'18:18:00',239,210),(39,2,66,'18:14:00',181,214),(40,1,53,'18:11:00',233,206),(41,1,51,'17:44:00',203,235),(42,3,100,'17:38:00',220,181),(43,2,75,'17:32:00',218,186),(44,1,96,'17:27:00',193,227),(45,2,62,'17:18:00',187,216),(46,3,100,'17:10:00',234,206),(47,1,99,'17:04:00',212,189),(48,3,100,'16:56:00',228,191),(49,3,100,'16:51:00',199,235),(50,1,42,'16:17:00',214,184),(51,1,43,'15:46:00',194,232),(52,3,100,'15:38:00',202,237),(53,3,100,'15:33:00',200,230),(54,1,55,'15:17:00',226,187),(55,1,50,'14:25:00',191,225),(56,2,97,'14:24:00',211,187),(57,3,100,'13:44:00',231,198),(58,3,100,'13:08:00',216,189),(59,2,53,'13:08:00',204,232),(60,1,49,'12:07:00',217,185),(61,3,100,'11:48:00',237,195),(62,1,76,'10:47:00',226,195),(63,3,100,'10:17:00',229,200),(64,2,58,'09:40:00',190,222),(65,2,91,'08:16:00',229,195),(66,1,71,'07:52:00',238,209),(67,0,47,'07:30:00',197,226),(68,3,100,'07:26:00',225,195),(69,0,47,'07:03:00',202,229),(70,3,100,'06:56:00',236,209),(71,2,94,'06:41:00',219,182),(72,1,35,'06:24:00',181,211),(73,3,100,'06:09:00',187,221),(74,0,35,'05:52:00',189,218),(75,1,78,'05:45:00',214,187),(76,2,62,'05:08:00',195,234),(77,1,51,'04:56:00',216,182),(78,3,100,'04:21:00',185,222),(79,2,91,'04:06:00',225,192),(80,2,54,'04:03:00',222,184),(81,1,52,'03:49:00',215,184),(82,2,58,'03:44:00',184,218),(83,0,0,'03:43:00',206,235),(84,2,83,'03:39:00',211,186),(85,3,100,'03:25:00',188,224),(86,2,51,'03:11:00',199,228),(87,1,51,'03:06:00',194,229),(88,0,48,'02:57:00',198,236),(89,1,53,'02:21:00',235,195),(90,0,39,'02:06:00',234,185),(91,0,41,'02:03:00',221,185),(92,2,57,'01:52:00',204,234),(93,3,100,'01:39:00',196,227),(94,2,63,'01:36:00',218,185),(95,0,42,'01:31:00',195,233),(96,3,100,'00:41:00',215,187),(97,3,100,'00:30:00',184,225),(98,1,69,'00:27:00',198,234),(99,2,80,'00:27:00',208,236),(100,1,55,'00:25:00',201,233),(101,1,87,'00:24:00',191,232),(102,2,68,'00:24:00',205,236),(103,3,100,'00:22:00',217,195),(104,3,100,'00:19:00',193,232),(105,2,56,'00:14:00',185,213),(106,3,100,'00:08:00',182,226),(107,2,70,'00:05:00',201,229),(108,3,100,'00:00:00',186,236),(109,1,58,'00:00:00',200,233),(110,2,61,'23:53:00',266,278),(111,2,87,'23:37:00',270,283),(112,3,100,'23:19:00',260,278),(113,3,100,'23:16:00',261,279),(114,1,45,'23:14:00',251,241),(115,2,62,'23:01:00',258,249),(116,2,67,'22:21:00',271,286),(117,3,100,'22:11:00',273,288),(118,3,100,'22:08:00',268,281),(119,2,77,'22:00:00',252,250),(120,1,71,'21:49:00',270,286),(121,1,76,'21:30:00',275,289),(122,2,51,'21:28:00',256,246),(123,3,100,'21:25:00',260,277),(124,2,62,'21:21:00',247,253),(125,2,66,'21:17:00',257,247),(126,1,59,'21:12:00',266,280),(127,2,94,'20:56:00',264,280),(128,2,80,'20:47:00',274,287),(129,2,70,'20:22:00',271,283),(130,2,99,'20:18:00',256,276),(131,2,94,'20:10:00',259,282),(132,2,56,'20:01:00',254,243),(133,2,81,'19:53:00',286,273),(134,3,100,'19:51:00',269,287),(135,0,37,'19:34:00',275,290),(136,2,69,'19:22:00',285,271),(137,2,72,'19:21:00',253,245),(138,1,85,'19:07:00',264,282),(139,2,62,'18:42:00',283,267),(140,0,49,'18:40:00',289,274),(141,1,62,'18:38:00',261,280),(142,0,41,'18:33:00',251,242),(143,1,45,'18:17:00',252,241),(144,0,44,'16:59:00',272,285),(145,2,70,'16:55:00',281,272),(146,3,100,'16:42:00',262,284),(147,2,74,'16:12:00',265,290),(148,2,50,'16:02:00',255,248),(149,0,49,'16:00:00',290,274),(150,2,53,'15:39:00',285,270),(151,2,78,'15:28:00',276,265),(152,2,88,'15:16:00',268,286),(153,2,52,'15:00:00',245,255),(154,2,69,'14:12:00',272,289),(155,1,57,'14:11:00',277,269),(156,2,65,'13:38:00',278,254),(157,2,62,'13:25:00',249,257),(158,2,66,'12:51:00',286,271),(159,1,44,'12:29:00',281,266),(160,1,61,'12:08:00',279,272),(161,3,100,'12:05:00',267,285),(162,2,54,'11:36:00',288,275),(163,3,100,'11:30:00',289,275),(164,2,64,'11:11:00',287,266),(165,3,100,'11:06:00',259,280),(166,3,100,'10:53:00',280,262),(167,2,54,'10:49:00',254,242),(168,1,52,'10:48:00',242,256),(169,2,68,'10:45:00',282,269),(170,3,100,'10:42:00',273,289),(171,1,68,'10:37:00',246,272),(172,2,88,'10:22:00',283,271),(173,2,51,'10:22:00',253,244),(174,2,57,'10:19:00',269,283),(175,0,43,'10:10:00',277,263),(176,2,68,'10:09:00',248,261),(177,1,44,'10:06:00',279,268),(178,2,55,'08:43:00',290,273),(179,3,100,'08:36:00',274,290),(180,2,89,'08:33:00',246,264),(181,2,62,'08:21:00',241,252),(182,3,100,'08:21:00',248,263),(183,3,100,'08:11:00',245,268),(184,3,100,'08:10:00',278,273),(185,3,100,'07:59:00',242,259),(186,2,76,'07:56:00',267,283),(187,2,54,'07:50:00',243,251),(188,2,84,'07:36:00',265,283),(189,2,59,'07:18:00',287,272),(190,2,86,'07:02:00',282,274),(191,3,100,'06:56:00',249,261),(192,3,100,'06:38:00',258,276),(193,2,50,'06:35:00',243,256),(194,1,70,'06:30:00',244,260),(195,3,100,'06:12:00',250,274),(196,2,69,'05:54:00',276,272),(197,2,58,'05:46:00',241,258),(198,2,90,'05:42:00',280,272),(199,3,100,'05:00:00',250,272),(200,3,100,'04:50:00',244,254),(201,1,55,'04:35:00',262,286),(202,2,90,'03:46:00',284,269),(203,2,78,'02:30:00',263,286),(204,2,77,'02:05:00',263,283),(205,3,100,'01:58:00',255,286),(206,3,100,'01:40:00',257,283),(207,0,38,'00:54:00',288,271),(208,2,76,'00:50:00',247,260),(210,2,72,'23:58:00',333,313),(211,0,43,'23:57:00',347,321),(212,1,40,'23:56:00',300,302),(213,1,50,'23:54:00',350,324),(214,3,100,'23:53:00',319,336),(215,3,100,'23:49:00',315,343),(216,2,77,'23:46:00',293,299),(217,0,39,'23:39:00',291,297),(218,3,100,'23:35:00',320,340),(219,3,100,'23:32:00',306,333),(220,2,59,'23:27:00',345,322),(221,1,55,'23:22:00',323,341),(222,3,100,'23:12:00',317,339),(223,3,100,'22:59:00',301,329),(224,2,77,'21:51:00',350,323),(225,1,67,'22:19:00',291,328),(226,3,100,'22:14:00',305,334),(228,1,59,'22:06:00',348,324),(229,2,56,'22:05:00',327,292),(230,1,74,'21:55:00',322,347),(231,2,77,'21:51:00',320,341),(232,2,64,'21:46:00',340,321),(233,3,100,'21:42:00',318,344),(234,3,100,'21:38:00',303,330),(235,3,100,'21:31:00',301,328),(237,0,42,'21:31:00',347,324),(238,2,51,'21:28:00',341,317),(239,0,37,'21:21:00',325,338),(240,0,42,'21:18:00',292,300),(241,2,50,'20:58:00',302,327),(242,1,49,'20:57:00',326,291),(243,3,100,'20:50:00',315,335),(244,1,50,'20:48:00',319,341),(245,0,32,'20:45:00',344,318),(246,3,100,'20:34:00',306,331),(247,2,73,'20:10:00',340,316),(248,1,58,'20:08:00',325,342),(249,3,100,'19:38:00',311,337),(250,0,40,'19:36:00',336,310),(251,1,77,'19:32:00',322,348),(252,2,52,'18:59:00',298,293),(253,2,81,'18:50:00',308,342),(254,3,100,'18:39:00',305,338),(255,1,74,'18:36:00',349,325),(256,2,98,'18:29:00',343,320),(257,3,100,'18:25:00',313,332),(258,2,67,'18:25:00',295,326),(259,3,100,'18:18:00',323,342),(260,2,85,'17:41:00',326,305),(261,3,100,'17:35:00',311,345),(262,2,66,'17:23:00',303,298),(263,2,57,'16:55:00',295,300),(264,3,100,'16:55:00',304,341),(265,1,61,'16:41:00',307,346),(266,3,100,'16:28:00',309,347),(267,2,72,'16:19:00',332,308),(268,2,78,'16:06:00',314,349),(269,1,59,'15:03:00',329,310),(270,1,37,'22:10:00',339,315),(271,3,100,'13:22:00',312,348),(272,3,100,'12:00:00',316,350),(273,1,60,'11:58:00',299,303),(274,2,56,'11:32:00',294,296),(275,0,44,'11:24:00',338,318),(276,1,90,'11:23:00',330,306),(277,3,100,'11:10:00',324,349),(278,1,45,'11:00:00',300,295),(279,2,59,'10:58:00',334,311),(280,2,63,'10:51:00',327,294),(281,0,41,'10:45:00',328,304),(282,3,100,'10:38:00',331,309),(283,2,60,'10:33:00',344,319),(284,1,79,'10:26:00',348,325),(285,1,41,'10:18:00',297,301),(286,0,49,'09:59:00',345,324),(287,0,43,'09:56:00',332,310),(288,3,100,'09:46:00',299,314),(289,3,100,'09:36:00',335,325),(290,1,66,'09:36:00',329,318),(291,2,62,'09:02:00',294,297),(292,2,52,'08:50:00',339,324),(293,2,59,'08:45:00',296,304),(294,3,100,'08:39:00',346,312),(295,0,49,'08:34:00',293,297),(296,2,61,'08:23:00',324,346),(297,0,37,'08:11:00',342,318),(298,0,44,'08:02:00',312,327),(299,2,56,'07:53:00',292,327),(300,1,65,'07:44:00',317,346),(301,1,62,'07:44:00',341,323),(302,2,53,'07:32:00',335,318),(303,1,48,'07:24:00',334,307),(304,0,43,'06:51:00',328,307),(305,3,100,'06:38:00',343,324),(306,2,66,'06:03:00',308,346),(307,2,50,'06:02:00',304,298),(308,2,52,'05:53:00',298,301),(309,1,62,'05:19:00',314,346),(311,2,85,'04:53:00',296,306),(312,3,100,'04:42:00',309,346),(313,2,94,'04:16:00',330,321),(314,3,100,'05:01:00',313,346),(315,1,50,'03:18:00',346,315),(316,0,34,'03:10:00',307,327),(317,1,36,'03:08:00',333,310),(318,2,58,'02:55:00',338,315),(319,1,52,'02:39:00',302,299),(320,2,59,'02:18:00',318,336),(321,2,57,'02:13:00',316,335),(322,1,73,'02:04:00',337,310),(323,2,57,'01:36:00',297,303),(324,1,37,'01:17:00',336,307),(325,2,54,'00:42:00',310,334),(326,2,84,'00:06:00',310,339),(327,2,70,'00:00:00',331,310),(328,2,50,'23:54:00',393,367),(329,3,100,'23:52:00',404,377),(330,3,100,'23:49:00',370,395),(331,2,52,'23:47:00',354,387),(332,2,51,'23:44:00',353,385),(333,1,56,'23:34:00',351,390),(334,1,79,'23:31:00',376,401),(335,2,64,'23:28:00',360,396),(336,2,65,'23:25:00',375,393),(337,2,52,'23:16:00',356,386),(338,3,100,'23:15:00',377,408),(339,2,77,'23:12:00',362,392),(340,2,50,'23:08:00',405,380),(341,2,82,'22:56:00',379,409),(342,3,100,'21:47:00',380,399),(343,2,57,'22:25:00',380,393),(344,2,64,'22:12:00',371,400),(345,3,100,'22:09:00',373,402),(346,1,78,'22:07:00',368,398),(347,1,63,'22:05:00',407,375),(348,1,55,'22:04:00',363,394),(349,3,100,'22:02:00',367,397),(350,2,70,'21:56:00',353,389),(351,2,74,'21:55:00',397,366),(352,1,55,'21:53:00',381,410),(353,0,43,'21:49:00',398,368),(354,3,100,'21:47:00',408,379),(355,1,52,'21:45:00',357,388),(356,0,37,'21:37:00',404,375),(357,2,50,'21:37:00',399,372),(358,2,72,'21:32:00',392,371),(359,2,75,'21:28:00',393,375),(360,1,70,'21:15:00',376,400),(361,3,100,'21:15:00',401,378),(362,0,29,'21:03:00',411,359),(363,2,58,'21:00:00',400,370),(364,1,33,'20:42:00',352,383),(365,1,62,'20:33:00',387,360),(366,3,100,'20:28:00',379,410),(367,3,100,'20:09:00',374,405),(368,2,61,'20:04:00',352,384),(369,2,73,'20:04:00',378,406),(370,2,76,'19:48:00',406,381),(371,1,69,'19:42:00',402,374),(372,3,100,'19:39:00',359,394),(373,3,100,'19:22:00',375,406),(374,1,69,'18:48:00',403,373),(375,2,56,'18:36:00',356,383),(376,2,52,'18:35:00',358,390),(377,1,70,'18:28:00',364,403),(378,3,100,'18:21:00',407,380),(379,3,100,'18:14:00',408,381),(380,3,100,'17:27:00',370,392),(381,1,55,'16:42:00',402,375),(382,3,100,'16:33:00',377,407),(383,2,59,'16:16:00',387,359),(384,3,100,'15:57:00',366,401),(385,2,61,'15:47:00',372,404),(386,1,50,'15:37:00',403,375),(387,0,46,'14:55:00',410,376),(388,3,100,'14:29:00',381,411),(389,3,100,'13:58:00',360,398),(390,0,46,'13:18:00',399,373),(391,2,66,'12:45:00',406,376),(392,2,64,'12:04:00',378,409),(393,2,50,'12:02:00',389,368),(394,1,74,'11:33:00',372,403),(395,1,80,'11:16:00',400,374),(396,2,64,'11:11:00',395,369),(397,2,59,'11:04:00',355,382),(398,0,48,'11:02:00',398,373),(399,0,24,'10:37:00',361,403),(400,0,18,'10:21:00',395,373),(401,3,100,'10:18:00',373,403),(402,3,100,'10:15:00',394,363),(403,1,50,'09:54:00',361,409),(404,0,44,'09:49:00',410,374),(405,3,100,'09:22:00',371,409),(406,3,100,'09:03:00',362,396),(407,1,61,'08:41:00',401,374),(408,2,64,'08:37:00',364,404),(409,1,79,'08:34:00',368,400),(410,3,100,'08:31:00',351,385),(411,1,50,'08:08:00',358,388),(412,3,100,'07:35:00',409,373),(413,0,36,'07:23:00',394,360),(414,1,39,'06:34:00',385,356),(415,1,61,'06:27:00',369,404),(416,3,100,'06:03:00',366,404),(417,3,100,'06:02:00',359,393),(418,1,51,'05:59:00',386,357),(419,3,100,'05:54:00',363,400),(420,0,30,'05:25:00',384,351),(421,2,62,'05:19:00',354,388),(422,0,46,'05:17:00',383,353),(423,0,45,'05:14:00',382,355),(424,3,100,'04:54:00',391,361),(425,2,59,'03:57:00',396,364),(426,2,63,'03:38:00',383,354),(427,1,55,'03:34:00',390,362),(428,2,88,'03:16:00',389,362),(429,1,50,'03:09:00',409,358),(430,1,56,'02:44:00',367,382),(431,1,50,'02:33:00',382,352),(432,1,56,'02:28:00',386,353),(433,1,57,'02:19:00',388,355),(434,1,65,'01:57:00',405,374),(435,1,55,'01:52:00',357,391),(436,0,42,'01:50:00',384,358),(437,0,34,'01:15:00',388,351),(438,0,46,'00:50:00',374,395),(439,1,79,'00:14:00',355,391),(440,0,41,'00:10:00',397,351),(441,2,80,'00:09:00',392,374),(442,2,64,'00:08:00',396,372),(443,1,50,'00:05:00',391,351),(446,2,67,'23:56:00',416,447),(447,3,100,'23:48:00',431,461),(448,2,64,'23:45:00',465,434),(449,2,61,'23:42:00',469,441),(450,3,100,'23:42:00',425,458),(451,1,61,'23:38:00',463,432),(452,1,68,'23:22:00',437,466),(453,1,68,'23:15:00',468,439),(454,2,57,'23:03:00',413,451),(455,1,60,'22:57:00',415,452),(456,1,66,'22:53:00',432,464),(457,1,48,'22:49:00',442,471),(458,1,55,'22:48:00',451,422),(459,3,100,'22:46:00',434,462),(460,0,47,'22:32:00',438,468),(461,0,28,'22:29:00',467,435),(462,1,37,'22:29:00',448,417),(463,2,59,'22:26:00',419,444),(464,1,33,'22:26:00',447,418),(465,0,37,'22:15:00',456,427),(466,2,77,'22:09:00',413,452),(467,2,52,'22:05:00',472,443),(468,2,94,'21:54:00',429,456),(469,2,74,'21:45:00',461,431),(470,2,63,'21:37:00',418,414),(471,1,59,'21:36:00',436,464),(472,2,84,'21:36:00',458,424),(473,1,55,'21:35:00',466,436),(474,2,66,'21:25:00',438,469),(475,2,94,'21:18:00',440,470),(476,2,90,'21:05:00',442,466),(477,2,62,'21:04:00',471,442),(478,2,80,'20:49:00',443,472),(479,1,54,'20:48:00',424,459),(480,1,68,'20:41:00',422,454),(481,2,54,'20:32:00',418,446),(482,1,54,'20:20:00',450,423),(483,3,100,'20:20:00',430,463),(484,2,67,'20:17:00',468,437),(485,1,99,'20:13:00',440,466),(486,3,100,'20:01:00',441,468),(487,2,57,'20:00:00',421,449),(488,2,83,'19:54:00',457,430),(489,2,99,'19:38:00',426,460),(490,2,90,'19:31:00',431,456),(491,1,53,'19:31:00',455,426),(492,1,70,'19:16:00',459,428),(493,3,100,'19:14:00',436,460),(494,2,60,'19:03:00',461,429),(495,2,98,'19:02:00',459,427),(496,0,43,'18:53:00',434,466),(497,0,39,'18:42:00',469,440),(498,0,45,'17:58:00',427,465),(499,2,50,'17:54:00',420,445),(500,2,58,'16:53:00',433,467),(501,1,62,'15:08:00',462,435),(502,0,0,'13:40:00',451,426),(503,2,91,'13:33:00',467,440),(504,2,99,'13:30:00',433,469),(505,1,55,'13:02:00',462,438),(506,2,80,'13:01:00',439,471),(507,2,70,'12:39:00',460,433),(508,3,100,'12:49:00',453,426),(509,1,29,'12:04:00',452,421),(510,3,100,'11:40:00',441,465),(511,1,61,'11:25:00',414,416),(512,1,49,'11:21:00',416,450),(513,1,69,'11:05:00',427,464),(514,1,39,'10:38:00',444,419),(515,2,92,'10:29:00',450,425),(516,2,69,'10:20:00',460,432),(517,0,36,'10:15:00',466,435),(518,2,64,'10:11:00',463,439),(519,1,69,'09:55:00',457,435),(520,1,83,'09:31:00',422,455),(521,1,68,'09:21:00',428,459),(522,2,50,'09:11:00',417,448),(523,0,0,'09:02:00',432,414),(524,1,52,'08:58:00',420,453),(525,2,79,'08:42:00',456,435),(526,3,100,'08:40:00',471,443),(527,1,50,'08:38:00',430,459),(528,0,44,'07:59:00',454,433),(529,3,100,'07:47:00',453,436),(530,1,33,'07:46:00',423,453),(531,2,66,'07:29:00',417,450),(532,0,28,'07:23:00',452,415),(533,0,47,'07:18:00',455,428),(534,1,45,'07:05:00',445,420),(535,1,73,'06:51:00',429,464),(536,1,37,'06:42:00',443,457),(537,3,100,'06:35:00',419,454),(538,2,89,'06:27:00',464,442),(539,3,100,'06:25:00',415,455),(540,2,81,'06:13:00',424,464),(541,3,100,'06:02:00',423,464),(542,0,0,'05:30:00',437,470),(543,1,59,'05:07:00',435,467),(544,1,73,'05:06:00',426,457),(545,2,78,'04:42:00',425,470),(546,1,50,'04:16:00',446,413),(547,0,30,'04:06:00',446,415),(548,1,62,'03:36:00',464,441),(549,2,50,'03:13:00',447,422),(550,3,100,'02:56:00',421,457),(551,1,55,'02:21:00',458,438),(552,1,37,'02:10:00',472,441),(553,1,67,'02:07:00',414,415),(554,1,63,'01:33:00',444,418),(555,2,70,'01:19:00',445,428),(556,1,48,'01:09:00',454,438),(557,2,61,'00:58:00',465,438),(558,0,0,'00:40:00',428,471),(559,3,100,'00:26:00',439,472),(560,2,77,'00:25:00',435,459),(561,0,47,'00:22:00',448,423),(562,2,55,'23:57:00',475,502),(563,1,52,'23:54:00',477,500),(564,3,100,'23:52:00',487,516),(565,2,60,'23:52:00',473,504),(566,1,60,'23:46:00',501,476),(567,2,88,'23:45:00',488,513),(568,0,31,'23:45:00',478,503),(569,2,66,'23:43:00',473,501),(570,1,53,'23:39:00',492,519),(571,1,65,'23:39:00',513,488),(572,1,50,'23:38:00',510,486),(573,3,100,'23:35:00',517,492),(574,3,100,'23:31:00',494,520),(575,1,48,'23:26:00',509,487),(576,1,95,'23:25:00',483,510),(577,1,38,'23:25:00',476,498),(578,2,60,'23:24:00',522,497),(579,1,53,'23:14:00',504,480),(580,1,52,'23:10:00',501,477),(581,3,100,'23:06:00',474,506),(582,2,73,'23:02:00',476,505),(583,3,100,'22:50:00',497,521),(584,2,63,'22:49:00',475,503),(585,2,78,'22:38:00',495,519),(586,3,100,'22:10:00',483,511),(587,2,74,'22:02:00',487,510),(588,2,76,'21:56:00',515,494),(589,3,100,'21:56:00',474,505),(590,0,42,'21:41:00',489,514),(591,1,49,'21:32:00',498,473),(592,1,32,'21:32:00',493,518),(593,3,100,'21:17:00',486,514),(594,3,100,'21:03:00',497,522),(595,3,100,'20:56:00',481,507),(596,0,47,'20:42:00',521,496),(597,2,57,'20:23:00',519,495),(598,1,72,'19:26:00',485,515),(599,2,55,'18:39:00',521,493),(600,2,91,'18:11:00',482,509),(601,3,100,'18:00:00',480,509),(602,1,68,'17:52:00',486,515),(603,2,68,'15:25:00',482,512),(604,2,50,'14:46:00',477,499),(605,3,100,'14:46:00',496,519),(606,2,55,'14:36:00',512,487),(607,2,73,'14:15:00',490,517),(608,1,40,'14:13:00',500,475),(609,3,100,'13:51:00',480,508),(610,0,44,'13:48:00',499,474),(611,1,41,'13:46:00',520,496),(612,1,56,'13:31:00',495,517),(613,0,30,'13:30:00',481,498),(614,1,29,'13:27:00',488,502),(615,0,0,'13:23:00',522,496),(616,2,65,'12:44:00',518,489),(617,1,69,'12:06:00',496,517),(618,2,59,'11:49:00',514,490),(619,2,58,'11:37:00',494,518),(620,1,88,'11:26:00',485,518),(621,2,56,'11:04:00',478,500),(622,2,83,'11:01:00',510,488),(623,3,100,'10:58:00',479,510),(624,2,83,'10:57:00',489,517),(625,2,52,'10:21:00',511,485),(626,1,75,'09:50:00',505,483),(627,2,67,'09:43:00',520,497),(628,3,100,'09:28:00',484,515),(629,3,100,'09:25:00',507,482),(630,2,80,'08:55:00',509,486),(631,2,58,'08:46:00',498,474),(632,0,40,'08:17:00',502,478),(633,2,87,'08:07:00',479,512),(634,0,41,'07:55:00',508,484),(635,2,81,'07:33:00',519,496),(636,2,66,'07:28:00',484,513),(637,1,56,'07:22:00',503,478),(638,2,68,'06:54:00',516,491),(639,2,62,'06:38:00',514,494),(640,2,80,'06:27:00',506,484),(641,2,92,'06:05:00',491,518),(642,1,52,'05:25:00',507,483),(643,1,65,'05:12:00',513,491),(644,2,98,'04:54:00',492,518),(645,1,63,'04:16:00',517,495),(646,2,87,'03:45:00',516,497),(647,1,49,'03:32:00',499,479),(648,2,84,'03:17:00',515,493),(649,2,75,'03:16:00',491,517),(650,2,68,'03:11:00',504,481),(651,0,45,'02:57:00',505,484),(652,2,66,'02:44:00',500,478),(653,0,41,'02:37:00',506,483),(654,2,55,'02:24:00',518,483),(655,1,55,'02:01:00',503,480),(656,3,100,'01:49:00',512,497),(657,0,44,'01:47:00',508,483),(658,2,67,'01:38:00',511,487),(659,0,37,'01:21:00',502,479),(660,0,40,'00:29:00',493,517),(661,3,100,'23:54:00',558,536),(662,2,53,'23:48:00',536,560),(663,3,100,'23:43:00',560,538),(664,3,100,'23:24:00',565,541),(665,3,100,'23:24:00',545,572),(666,1,52,'23:23:00',531,556),(667,3,100,'23:17:00',548,530),(668,3,100,'23:15:00',572,547),(669,2,75,'22:58:00',567,539),(670,2,61,'22:30:00',548,523),(671,0,33,'21:55:00',544,571),(672,2,52,'21:50:00',536,559),(673,2,85,'21:41:00',564,542),(674,3,100,'21:29:00',570,539),(675,3,100,'21:28:00',559,533),(676,0,24,'21:22:00',530,554),(677,2,54,'21:22:00',547,571),(678,0,0,'21:18:00',544,570),(679,3,100,'21:14:00',565,542),(680,0,49,'20:51:00',537,562),(681,0,29,'20:27:00',528,554),(682,1,52,'20:08:00',529,555),(683,3,100,'19:58:00',557,537),(684,1,77,'19:55:00',572,545),(685,3,100,'19:38:00',566,540),(686,2,59,'19:36:00',561,532),(687,2,69,'18:42:00',554,529),(688,1,49,'18:29:00',526,548),(689,2,57,'18:25:00',551,525),(690,2,87,'17:49:00',558,535),(691,2,95,'17:14:00',569,544),(692,2,72,'16:40:00',571,544),(693,2,54,'16:31:00',552,524),(694,1,75,'16:26:00',559,532),(695,3,100,'16:10:00',569,545),(696,2,82,'15:53:00',557,534),(697,2,50,'15:50:00',532,557),(698,2,65,'15:47:00',529,558),(699,2,76,'15:40:00',539,569),(700,2,69,'15:24:00',534,570),(701,1,75,'14:55:00',563,543),(702,3,100,'14:39:00',571,546),(703,1,37,'14:36:00',553,527),(704,2,53,'14:29:00',552,531),(705,1,67,'14:25:00',562,543),(706,3,100,'14:23:00',555,535),(707,2,55,'13:56:00',551,526),(708,2,65,'13:52:00',564,544),(709,3,100,'13:48:00',560,534),(710,1,58,'13:40:00',563,544),(711,2,50,'13:35:00',550,527),(712,3,100,'13:30:00',566,543),(713,0,40,'13:16:00',570,523),(714,2,72,'13:12:00',539,565),(715,0,47,'13:07:00',549,528),(716,2,98,'13:06:00',567,544),(717,3,100,'12:58:00',568,544),(718,3,100,'12:35:00',555,532),(719,1,56,'12:25:00',556,528),(720,2,77,'12:01:00',549,531),(721,1,50,'11:56:00',553,528),(722,1,51,'11:52:00',568,528),(723,1,59,'11:42:00',556,531),(724,2,50,'11:19:00',554,528),(725,2,51,'10:44:00',547,568),(726,1,66,'10:08:00',561,536),(727,2,55,'06:44:00',541,562),(728,0,43,'06:33:00',525,551),(729,2,53,'04:58:00',528,567),(730,0,49,'04:44:00',523,549),(731,2,52,'03:52:00',533,566),(732,0,49,'03:51:00',532,561),(733,3,100,'03:45:00',550,529),(734,0,49,'03:36:00',526,553),(735,0,28,'03:26:00',527,553),(736,1,45,'03:20:00',538,561),(737,0,37,'01:50:00',531,552),(738,0,46,'01:14:00',523,550),(739,2,53,'00:33:00',541,563),(740,0,38,'00:11:00',525,550),(741,2,80,'23:54:00',622,597),(742,3,100,'23:51:00',583,607),(743,2,87,'23:46:00',573,605),(744,0,24,'23:43:00',604,577),(745,1,72,'23:40:00',582,612),(746,1,57,'23:39:00',584,609),(747,1,55,'23:32:00',590,610),(748,2,55,'23:27:00',578,603),(749,3,100,'23:21:00',585,613),(750,1,47,'23:20:00',573,598),(751,3,100,'23:19:00',586,616),(752,2,87,'23:08:00',581,614),(753,1,42,'23:02:00',607,590),(754,2,51,'22:50:00',622,596),(755,1,43,'22:43:00',612,592),(756,3,100,'22:10:00',588,617),(757,2,96,'22:00:00',614,594),(758,2,99,'21:47:00',610,588),(759,1,58,'21:36:00',585,610),(760,2,78,'21:33:00',605,586),(761,2,55,'21:22:00',575,604),(762,1,70,'21:00:00',607,592),(763,1,50,'20:42:00',597,622),(764,0,48,'20:14:00',614,595),(765,3,100,'20:01:00',589,611),(766,1,68,'19:33:00',596,621),(767,2,53,'19:15:00',588,615),(768,2,60,'19:00:00',601,580),(769,3,100,'18:54:00',591,618),(770,2,56,'18:52:00',619,595),(771,1,57,'18:47:00',594,620),(772,0,49,'18:42:00',577,601),(773,2,69,'18:23:00',615,593),(774,2,68,'18:16:00',595,615),(775,2,56,'18:15:00',604,583),(776,2,55,'18:11:00',576,602),(777,2,96,'18:07:00',605,585),(778,0,44,'18:03:00',580,606),(779,3,100,'17:45:00',582,609),(780,3,100,'17:38:00',579,610),(781,0,11,'17:15:00',616,591),(782,2,90,'17:12:00',583,608),(783,3,100,'16:43:00',592,619),(784,2,53,'16:33:00',576,600),(785,1,95,'16:32:00',595,620),(786,3,100,'16:17:00',580,608),(787,3,100,'16:14:00',593,615),(788,2,55,'16:03:00',578,601),(789,2,57,'15:59:00',611,587),(790,1,48,'15:53:00',598,573),(791,1,50,'15:49:00',609,589),(792,1,55,'15:49:00',589,614),(793,1,55,'15:42:00',620,594),(794,2,69,'15:29:00',620,591),(795,1,50,'15:28:00',613,584),(796,0,34,'15:17:00',616,582),(797,0,45,'15:12:00',615,582),(798,0,44,'15:08:00',598,574),(799,0,48,'15:04:00',618,595),(800,0,35,'15:02:00',577,599),(801,0,24,'14:47:00',601,578),(802,3,100,'14:29:00',593,620),(803,1,84,'14:17:00',594,621),(804,2,63,'14:11:00',581,606),(805,1,41,'14:08:00',600,575),(806,3,100,'14:08:00',592,621),(807,2,64,'14:00:00',608,590),(808,2,52,'13:56:00',574,599),(809,0,40,'13:55:00',619,592),(810,2,59,'13:52:00',608,592),(811,2,60,'13:44:00',606,581),(812,3,100,'13:37:00',591,622),(813,2,71,'13:18:00',611,582),(814,1,82,'13:05:00',606,591),(815,0,37,'13:02:00',600,576),(816,3,100,'12:57:00',579,606),(817,2,50,'11:58:00',609,588),(818,0,39,'11:48:00',602,577),(819,2,56,'11:36:00',587,612),(820,0,38,'11:09:00',590,612),(821,1,32,'11:00:00',597,612),(822,1,47,'10:16:00',599,576),(823,1,50,'10:12:00',575,598),(824,2,79,'10:01:00',617,589),(825,0,49,'09:43:00',586,612),(826,3,100,'09:06:00',587,614),(827,2,67,'07:38:00',617,584),(828,1,46,'07:34:00',602,579),(829,0,49,'06:17:00',596,612),(830,2,82,'06:10:00',584,612),(831,3,100,'06:05:00',574,612),(832,2,50,'00:00:00',599,574),(833,2,80,'23:55:00',630,660),(834,2,71,'23:46:00',643,672),(835,2,56,'23:46:00',638,673),(836,1,41,'23:43:00',666,636),(837,2,74,'23:42:00',679,649),(838,2,99,'23:41:00',637,671),(839,2,84,'23:30:00',680,650),(840,3,100,'23:27:00',640,668),(841,2,99,'23:03:00',644,669),(842,2,87,'22:55:00',661,637),(843,2,75,'22:50:00',631,670),(844,3,100,'22:49:00',632,667),(845,1,53,'22:42:00',663,632),(846,1,50,'22:32:00',662,631),(847,2,58,'22:31:00',645,677),(848,1,69,'22:11:00',641,674),(849,2,70,'22:07:00',654,630),(850,0,42,'21:59:00',653,625),(851,1,54,'21:43:00',652,682),(852,2,54,'21:40:00',625,658),(853,2,83,'21:22:00',667,648),(854,3,100,'21:22:00',655,651),(855,2,50,'21:05:00',665,633),(856,1,46,'21:00:00',680,647),(857,1,48,'20:58:00',669,639),(858,3,100,'20:55:00',654,634),(859,1,84,'20:44:00',643,673),(860,3,100,'20:39:00',675,652),(861,3,100,'20:33:00',647,676),(862,0,42,'20:29:00',640,669),(863,2,63,'20:28:00',649,678),(864,2,73,'20:22:00',661,635),(865,2,61,'20:19:00',666,641),(866,1,44,'20:11:00',679,646),(867,3,100,'20:06:00',671,645),(868,1,44,'19:39:00',660,628),(869,2,75,'19:18:00',678,644),(870,3,100,'19:16:00',631,664),(871,2,67,'18:55:00',675,643),(872,3,100,'18:54:00',645,678),(873,2,82,'18:52:00',682,652),(874,1,50,'18:49:00',623,663),(875,2,64,'18:45:00',638,674),(876,1,39,'18:30:00',655,627),(877,3,100,'18:28:00',623,662),(878,2,65,'18:15:00',659,632),(879,2,60,'18:12:00',665,638),(880,1,61,'18:05:00',633,665),(881,1,68,'17:59:00',648,675),(882,2,60,'17:55:00',626,656),(883,3,100,'17:49:00',650,672),(884,2,64,'17:45:00',644,670),(885,3,100,'17:36:00',650,675),(886,2,91,'17:27:00',649,680),(887,2,67,'17:10:00',663,640),(888,3,100,'17:05:00',662,647),(889,2,69,'16:49:00',627,657),(890,0,42,'16:28:00',672,642),(891,1,54,'16:28:00',629,663),(892,2,85,'16:22:00',648,677),(893,2,60,'15:50:00',624,653),(894,2,63,'15:34:00',630,661),(895,1,59,'15:14:00',678,648),(896,3,100,'15:06:00',624,663),(897,2,80,'15:02:00',632,666),(898,3,100,'14:56:00',652,681),(899,3,100,'13:33:00',629,665),(900,1,50,'13:18:00',642,670),(901,1,48,'13:02:00',626,655),(902,2,95,'11:54:00',641,679),(903,2,59,'11:52:00',627,659),(904,2,78,'11:47:00',634,671),(905,2,66,'11:39:00',646,679),(906,1,66,'11:31:00',635,669),(907,2,61,'11:10:00',646,669),(908,1,47,'10:53:00',658,626),(909,0,47,'10:51:00',636,677),(910,3,100,'10:49:00',633,673),(911,1,46,'10:34:00',673,631),(912,1,52,'10:32:00',668,642),(913,0,0,'10:31:00',671,646),(914,0,44,'10:21:00',639,669),(915,2,51,'10:20:00',677,646),(916,2,60,'10:18:00',674,642),(917,1,76,'10:08:00',647,679),(918,2,59,'09:27:00',656,636),(919,3,100,'08:48:00',651,682),(920,0,33,'08:39:00',653,623),(921,2,53,'08:00:00',669,631),(922,2,72,'07:33:00',637,669),(923,1,39,'07:29:00',682,650),(924,1,33,'07:22:00',672,639),(925,1,68,'07:19:00',628,666),(926,2,55,'06:23:00',664,639),(927,0,42,'05:59:00',636,680),(928,1,71,'05:19:00',635,680),(929,2,84,'05:17:00',673,650),(930,0,48,'05:13:00',668,649),(931,2,87,'05:05:00',639,679),(932,2,80,'04:54:00',651,669),(933,0,38,'04:49:00',657,625),(934,0,30,'04:26:00',681,650),(935,3,100,'04:22:00',634,669),(936,2,54,'04:08:00',625,654),(937,2,50,'04:06:00',658,629),(938,2,52,'04:03:00',628,655),(939,1,44,'03:53:00',656,627),(940,2,73,'03:37:00',676,649),(941,1,51,'01:48:00',664,649),(942,0,43,'01:46:00',642,677),(943,2,70,'23:57:00',686,716),(944,3,100,'23:54:00',693,727),(945,2,96,'23:53:00',697,735),(946,3,100,'23:38:00',704,729),(947,3,100,'23:27:00',709,737),(948,2,63,'23:21:00',721,696),(949,1,59,'23:19:00',712,740),(950,3,100,'22:54:00',691,723),(951,3,100,'22:15:00',728,705),(952,2,64,'22:09:00',690,720),(953,2,59,'22:03:00',685,718),(954,2,57,'21:56:00',686,715),(955,3,100,'21:48:00',710,735),(956,3,100,'21:37:00',696,730),(957,2,70,'21:37:00',735,711),(958,1,61,'21:35:00',721,697),(959,0,48,'21:32:00',712,742),(960,1,50,'21:31:00',694,728),(961,3,100,'21:25:00',702,734),(962,2,76,'21:19:00',705,736),(963,3,100,'21:05:00',692,725),(964,3,100,'21:04:00',697,740),(965,3,100,'21:01:00',689,722),(966,1,85,'21:00:00',737,707),(967,3,100,'21:00:00',707,733),(968,1,53,'20:48:00',711,739),(969,2,55,'20:47:00',687,717),(970,2,84,'20:43:00',695,728),(971,2,64,'20:28:00',710,728),(972,2,98,'20:26:00',703,726),(973,2,59,'20:19:00',730,700),(974,1,35,'20:09:00',685,714),(975,2,95,'20:09:00',694,726),(976,2,68,'19:56:00',707,736),(977,2,58,'19:50:00',683,714),(978,3,100,'19:44:00',684,719),(979,1,61,'19:28:00',690,721),(980,0,37,'19:01:00',734,710),(981,3,100,'18:54:00',689,726),(982,2,72,'18:53:00',683,713),(983,3,100,'18:48:00',699,728),(984,0,44,'18:12:00',684,721),(985,2,99,'17:22:00',705,739),(986,3,100,'17:13:00',704,738),(987,2,88,'17:02:00',696,731),(988,3,100,'17:02:00',688,724),(989,1,53,'16:38:00',703,732),(990,3,100,'16:29:00',698,736),(991,3,100,'16:21:00',691,732),(992,3,100,'16:12:00',700,731),(993,3,100,'15:45:00',699,739),(994,2,65,'15:23:00',687,721),(995,3,100,'15:09:00',700,741),(996,2,82,'14:19:00',701,742),(997,3,100,'14:10:00',709,742),(998,0,40,'14:00:00',693,721),(999,3,100,'13:54:00',730,710),(1000,1,44,'13:39:00',732,708),(1001,2,52,'13:11:00',728,698),(1002,1,50,'13:08:00',688,721),(1003,3,100,'12:44:00',741,712),(1004,0,31,'12:36:00',718,687),(1005,3,100,'12:31:00',692,726),(1006,2,63,'11:33:00',720,699),(1007,0,46,'11:27:00',713,688),(1008,2,74,'11:17:00',739,709),(1009,2,72,'11:14:00',738,711),(1010,0,31,'10:42:00',736,706),(1011,2,90,'10:36:00',722,695),(1012,1,50,'10:25:00',735,706),(1013,0,31,'10:00:00',723,702),(1014,1,50,'09:55:00',727,702),(1015,2,60,'09:43:00',729,704),(1016,3,100,'09:37:00',715,691),(1017,2,87,'09:30:00',695,724),(1018,2,68,'09:21:00',723,701),(1019,1,69,'09:14:00',715,692),(1020,2,98,'09:07:00',732,707),(1021,2,59,'08:50:00',726,706),(1022,1,44,'08:43:00',719,693),(1023,2,78,'08:25:00',739,708),(1024,2,96,'08:03:00',740,711),(1025,3,100,'08:01:00',713,694),(1026,2,70,'07:57:00',738,709),(1027,1,56,'07:46:00',736,703),(1028,2,76,'07:28:00',724,703),(1029,2,77,'07:24:00',701,737),(1030,2,62,'07:20:00',720,702),(1031,0,42,'06:52:00',725,693),(1032,2,87,'06:50:00',733,709),(1033,1,72,'06:47:00',737,711),(1034,2,50,'06:40:00',698,721),(1035,0,30,'06:37:00',708,725),(1036,0,37,'06:28:00',742,711),(1037,2,59,'06:25:00',734,697),(1038,1,51,'05:30:00',719,690),(1039,1,60,'05:08:00',725,698),(1040,3,100,'04:45:00',740,709),(1041,1,47,'04:32:00',717,683),(1042,1,50,'04:06:00',727,711),(1043,1,42,'03:51:00',733,706),(1044,1,44,'03:42:00',722,693),(1045,1,42,'03:10:00',717,684),(1046,0,37,'03:01:00',731,685),(1047,0,35,'02:54:00',731,689),(1048,1,51,'02:30:00',729,711),(1049,3,100,'02:18:00',711,726),(1050,2,82,'02:13:00',724,711),(1051,3,100,'02:07:00',741,711),(1052,0,27,'01:53:00',726,689),(1053,0,37,'01:47:00',718,689),(1054,1,48,'01:33:00',742,692),(1055,1,41,'01:21:00',714,689),(1056,1,37,'01:10:00',716,688),(1057,0,21,'01:07:00',714,687),(1058,0,33,'00:46:00',716,686),(1059,2,77,'23:55:00',800,770),(1060,0,49,'23:54:00',779,752),(1061,3,100,'23:49:00',772,802),(1062,2,70,'23:42:00',795,769),(1063,0,31,'23:33:00',751,779),(1064,1,33,'23:25:00',773,744),(1065,1,59,'23:18:00',759,795),(1066,2,86,'23:14:00',757,787),(1067,2,60,'23:07:00',789,756),(1068,2,56,'22:59:00',794,752),(1069,2,76,'22:48:00',763,798),(1070,1,69,'22:44:00',765,792),(1071,1,50,'22:33:00',751,778),(1072,0,39,'22:25:00',799,768),(1073,2,75,'22:20:00',792,762),(1074,1,81,'22:14:00',768,797),(1075,2,72,'22:04:00',786,753),(1076,3,100,'21:55:00',752,788),(1077,1,71,'21:52:00',744,782),(1078,2,69,'21:48:00',797,760),(1079,0,46,'21:45:00',769,801),(1080,2,65,'21:39:00',754,789),(1081,2,53,'21:38:00',746,784),(1082,2,57,'21:31:00',790,758),(1083,2,84,'21:29:00',767,799),(1084,1,39,'21:29:00',778,751),(1085,0,47,'21:23:00',771,798),(1086,0,38,'21:18:00',745,776),(1087,2,72,'21:04:00',760,795),(1088,1,53,'20:56:00',779,754),(1089,1,64,'20:54:00',761,789),(1090,2,54,'20:52:00',747,779),(1091,0,37,'20:43:00',753,786),(1092,2,52,'20:42:00',770,796),(1093,2,57,'20:32:00',798,763),(1094,1,43,'20:08:00',775,746),(1095,2,96,'20:02:00',764,794),(1096,1,78,'20:00:00',759,792),(1097,0,42,'19:58:00',797,759),(1098,2,95,'19:38:00',756,790),(1099,3,100,'19:34:00',791,759),(1100,1,64,'19:29:00',769,798),(1101,2,58,'19:28:00',747,780),(1102,2,52,'19:07:00',789,764),(1103,0,48,'19:00:00',772,800),(1104,1,48,'18:54:00',748,777),(1105,2,57,'18:41:00',750,785),(1106,2,66,'18:23:00',763,797),(1107,2,76,'18:19:00',761,786),(1108,3,100,'18:08:00',764,791),(1109,2,79,'17:42:00',757,792),(1110,2,93,'17:14:00',800,771),(1111,3,100,'16:46:00',754,793),(1112,2,73,'16:11:00',767,801),(1113,0,2,'16:09:00',782,755),(1114,0,34,'16:03:00',782,754),(1115,1,50,'16:00:00',755,789),(1116,2,56,'15:55:00',793,767),(1117,2,72,'15:47:00',749,781),(1118,1,76,'14:35:00',762,787),(1119,1,51,'14:23:00',758,790),(1120,3,100,'14:13:00',766,800),(1121,1,50,'14:09:00',753,787),(1122,1,63,'14:06:00',755,794),(1123,0,38,'13:56:00',780,750),(1124,3,100,'13:16:00',768,801),(1125,2,73,'12:50:00',791,768),(1126,1,45,'12:21:00',785,755),(1127,3,100,'12:11:00',801,772),(1128,2,55,'11:49:00',762,799),(1129,2,84,'11:26:00',786,757),(1130,1,38,'11:13:00',793,765),(1131,1,38,'10:37:00',744,774),(1132,2,69,'10:37:00',758,796),(1133,1,46,'09:49:00',792,754),(1134,1,77,'09:49:00',788,771),(1135,2,83,'09:42:00',794,754),(1136,0,41,'09:39:00',798,761),(1137,2,92,'09:35:00',785,765),(1138,2,65,'09:30:00',748,783),(1139,2,63,'09:17:00',756,794),(1140,0,26,'09:16:00',780,749),(1141,2,60,'09:07:00',789,761),(1143,0,33,'08:56:00',783,750),(1144,1,50,'08:17:00',760,798),(1145,1,61,'07:35:00',765,797),(1146,0,49,'07:35:00',770,782),(1147,2,53,'07:27:00',743,773),(1148,2,80,'07:22:00',743,775),(1149,1,50,'07:11:00',790,766),(1150,1,50,'07:05:00',775,745),(1151,3,100,'06:02:00',752,797),(1152,2,57,'05:45:00',773,743),(1153,0,40,'05:33:00',781,750),(1154,1,60,'03:49:00',774,750),(1155,3,100,'02:53:00',750,798),(1156,1,44,'02:28:00',795,755),(1157,1,71,'02:10:00',771,799),(1158,0,45,'02:04:00',784,755),(1159,2,80,'02:00:00',777,755),(1160,1,69,'01:23:00',766,799),(1161,2,64,'01:09:00',746,776),(1162,1,48,'09:05:00',801,766),(1163,2,76,'00:58:00',799,766),(1164,0,25,'00:55:00',787,752),(1165,2,50,'00:50:00',749,782),(1166,0,46,'00:35:00',777,749),(1167,0,43,'00:17:00',774,747),(1168,1,63,'00:03:00',745,778),(1169,2,69,'23:57:00',803,833),(1170,3,100,'23:53:00',816,847),(1171,0,44,'23:44:00',825,856),(1172,1,54,'23:34:00',820,855),(1173,3,100,'23:30:00',850,831),(1174,1,60,'23:06:00',842,828),(1175,1,57,'23:03:00',829,861),(1176,1,57,'22:47:00',837,812),(1177,2,56,'22:27:00',812,841),(1178,3,100,'22:22:00',855,830),(1179,0,49,'22:21:00',807,839),(1180,2,90,'22:11:00',842,827),(1181,2,65,'22:08:00',803,836),(1182,1,69,'22:01:00',827,853),(1183,1,55,'21:49:00',824,857),(1184,0,42,'21:26:00',840,809),(1185,2,60,'21:06:00',810,838),(1186,2,60,'20:55:00',826,859),(1187,1,69,'20:45:00',832,862),(1188,2,83,'20:44:00',817,851),(1189,2,96,'20:40:00',856,829),(1190,3,100,'20:40:00',846,821),(1191,1,73,'20:31:00',822,854),(1192,2,59,'20:30:00',848,817),(1193,1,43,'20:27:00',841,811),(1194,3,100,'20:23:00',815,850),(1195,3,100,'20:09:00',855,825),(1196,2,72,'19:45:00',817,849),(1197,1,71,'19:40:00',844,826),(1198,1,68,'19:27:00',858,826),(1199,2,53,'19:20:00',833,803),(1200,2,82,'19:10:00',813,844),(1201,1,41,'18:59:00',812,840),(1202,1,69,'18:58:00',829,862),(1203,2,52,'18:53:00',836,806),(1204,3,100,'18:50:00',818,853),(1205,0,43,'18:05:00',832,858),(1206,3,100,'17:49:00',850,832),(1207,1,69,'17:36:00',828,858),(1208,1,72,'17:35:00',854,828),(1209,2,64,'17:11:00',805,839),(1210,2,81,'16:41:00',828,862),(1211,2,55,'16:19:00',809,840),(1212,0,34,'15:39:00',816,849),(1213,1,57,'15:29:00',804,837),(1214,1,44,'15:26:00',808,834),(1215,3,100,'15:18:00',814,854),(1216,2,79,'14:59:00',809,842),(1217,1,49,'14:26:00',805,835),(1218,2,96,'13:01:00',823,846),(1219,0,46,'12:38:00',827,856),(1220,1,50,'12:11:00',824,858),(1221,2,59,'12:09:00',848,818),(1222,3,100,'12:09:00',818,855),(1223,1,57,'12:04:00',831,861),(1224,0,48,'11:57:00',814,848),(1225,1,76,'11:49:00',822,858),(1226,1,68,'11:23:00',849,828),(1227,2,94,'11:13:00',823,852),(1228,1,46,'10:53:00',810,837),(1229,0,49,'10:46:00',843,813),(1230,1,59,'10:38:00',839,810),(1231,2,75,'10:24:00',852,819),(1232,2,68,'10:07:00',825,858),(1233,2,65,'10:07:00',833,805),(1234,1,55,'09:33:00',860,824),(1235,2,79,'09:13:00',821,860),(1236,2,59,'09:12:00',813,857),(1237,2,52,'09:00:00',836,807),(1238,2,77,'08:48:00',815,848),(1239,3,100,'08:33:00',820,862),(1240,3,100,'08:26:00',811,848),(1241,1,75,'08:20:00',849,822),(1242,0,40,'08:16:00',858,822),(1243,0,48,'07:59:00',857,823),(1244,0,41,'07:22:00',854,823),(1245,2,59,'07:22:00',851,820),(1246,3,100,'06:40:00',826,861),(1247,1,41,'06:23:00',837,809),(1248,1,61,'06:17:00',847,816),(1249,2,56,'06:01:00',853,823),(1250,1,48,'05:36:00',860,813),(1251,2,58,'05:28:00',821,857),(1252,1,49,'05:14:00',834,804),(1253,1,60,'04:37:00',861,828),(1254,0,34,'04:34:00',851,815),(1255,1,98,'04:33:00',847,813),(1256,2,55,'04:30:00',835,812),(1257,2,99,'03:56:00',838,815),(1258,1,37,'03:53:00',859,828),(1259,2,56,'03:41:00',831,856),(1260,1,49,'03:22:00',841,810),(1261,2,98,'03:11:00',811,852),(1262,3,100,'03:00:00',819,856),(1263,2,50,'02:46:00',846,816),(1264,3,100,'02:41:00',807,845),(1265,2,90,'02:32:00',843,824),(1266,2,79,'01:54:00',806,846),(1267,1,42,'01:44:00',857,822),(1268,3,100,'01:43:00',856,828),(1269,2,77,'01:41:00',830,858),(1270,1,55,'01:26:00',830,846),(1271,2,88,'01:22:00',862,826),(1272,3,100,'01:15:00',840,813),(1273,2,55,'01:05:00',852,822),(1274,3,100,'00:54:00',808,843),(1275,2,75,'00:23:00',859,814),(1276,3,100,'00:13:00',835,829),(1277,1,48,'00:09:00',819,859),(1278,2,85,'00:05:00',834,808),(1279,0,42,'00:04:00',861,827),(1280,2,86,'00:00:00',838,824),(1281,3,100,'00:00:00',804,851),(1282,0,7,'23:58:00',892,867),(1283,0,32,'23:54:00',906,881),(1284,3,100,'23:54:00',872,902),(1285,3,100,'23:51:00',886,900),(1286,2,57,'23:48:00',866,892),(1287,0,43,'23:47:00',868,895),(1288,1,48,'23:41:00',898,873),(1289,3,100,'23:41:00',863,897),(1290,2,90,'23:40:00',877,906),(1291,3,100,'23:29:00',884,909),(1292,2,99,'23:04:00',885,912),(1293,3,100,'23:03:00',876,904),(1294,2,60,'23:00:00',895,870),(1295,3,100,'23:00:00',881,908),(1296,2,72,'22:55:00',868,896),(1297,0,2,'22:34:00',865,890),(1298,2,69,'22:24:00',883,910),(1299,2,56,'22:23:00',865,893),(1300,1,62,'22:14:00',910,885),(1301,3,100,'22:08:00',863,895),(1302,2,51,'22:06:00',909,884),(1303,3,100,'22:05:00',873,905),(1304,3,100,'22:00:00',887,911),(1305,2,74,'21:58:00',867,894),(1306,2,94,'21:54:00',879,906),(1307,2,52,'21:53:00',866,891),(1308,2,50,'21:49:00',900,886),(1309,0,0,'21:46:00',904,879),(1310,2,97,'21:43:00',886,899),(1311,3,100,'21:43:00',874,903),(1312,3,100,'21:43:00',884,910),(1313,2,53,'21:42:00',904,881),(1314,1,52,'21:24:00',864,889),(1315,2,59,'20:55:00',880,907),(1316,1,69,'20:40:00',872,901),(1317,0,46,'20:34:00',864,890),(1318,1,50,'20:30:00',893,868),(1319,2,54,'20:09:00',907,882),(1320,1,36,'20:06:00',890,865),(1321,3,100,'20:05:00',882,912),(1322,2,55,'19:52:00',896,871),(1323,0,4,'19:32:00',883,888),(1324,2,73,'19:16:00',874,906),(1325,1,42,'19:10:00',888,867),(1326,0,32,'18:57:00',882,890),(1327,0,36,'18:50:00',889,866),(1328,2,85,'18:42:00',870,901),(1329,1,55,'17:32:00',877,907),(1330,3,100,'17:12:00',885,906),(1331,1,49,'17:00:00',871,898),(1332,1,50,'16:21:00',871,888),(1333,2,98,'14:53:00',879,907),(1334,0,32,'14:12:00',873,890),(1335,0,32,'12:55:00',881,890),(1336,0,49,'12:52:00',880,898),(1337,1,52,'12:37:00',902,876),(1338,2,50,'11:38:00',894,869),(1339,2,59,'11:20:00',895,875),(1340,2,68,'10:55:00',897,872),(1341,1,46,'10:29:00',901,879),(1342,2,55,'10:10:00',891,880),(1343,1,33,'10:06:00',875,890),(1344,0,36,'10:04:00',890,864),(1345,1,49,'09:29:00',905,883),(1346,2,66,'09:08:00',869,898),(1347,2,55,'08:51:00',900,877),(1348,1,44,'08:16:00',889,864),(1349,2,57,'08:05:00',902,878),(1350,2,60,'07:22:00',869,901),(1351,2,88,'07:17:00',908,887),(1352,2,54,'07:03:00',905,885),(1353,0,48,'06:48:00',906,874),(1354,2,69,'06:43:00',891,874),(1355,2,61,'05:51:00',870,899),(1356,2,65,'05:41:00',894,879),(1357,2,52,'05:39:00',888,866),(1358,1,61,'05:26:00',876,907),(1359,2,50,'05:13:00',903,883),(1360,2,53,'04:48:00',896,876),(1361,2,68,'04:17:00',908,873),(1362,2,97,'04:07:00',867,899),(1363,2,64,'03:57:00',897,886),(1364,1,35,'03:38:00',910,886),(1365,1,83,'03:29:00',878,907),(1366,2,84,'03:17:00',907,887),(1367,2,85,'02:40:00',903,886),(1368,0,40,'02:10:00',893,867),(1369,1,54,'01:41:00',878,904),(1370,3,100,'01:17:00',887,907),(1371,2,69,'00:46:00',875,901);
/*!40000 ALTER TABLE `Warevent` ENABLE KEYS */;
UNLOCK TABLES;

--
-- Table structure for table `Warplayer`
--

DROP TABLE IF EXISTS `Warplayer`;
/*!40101 SET @saved_cs_client     = @@character_set_client */;
/*!40101 SET character_set_client = utf8 */;
CREATE TABLE `Warplayer` (
  `id` int(11) NOT NULL AUTO_INCREMENT,
  `player_id` int(11) DEFAULT NULL,
  `warclan_id` int(11) DEFAULT NULL,
  `rank` int(11) NOT NULL,
  `th` int(11) NOT NULL,
  PRIMARY KEY (`id`),
  KEY `IDX_BE5782F099E6F5DF` (`player_id`),
  KEY `IDX_BE5782F071B1AE2B` (`warclan_id`),
  CONSTRAINT `FK_BE5782F071B1AE2B` FOREIGN KEY (`warclan_id`) REFERENCES `Warclan` (`id`),
  CONSTRAINT `FK_BE5782F099E6F5DF` FOREIGN KEY (`player_id`) REFERENCES `Player` (`id`)
) ENGINE=InnoDB AUTO_INCREMENT=938 DEFAULT CHARSET=utf8 COLLATE=utf8_unicode_ci;
/*!40101 SET character_set_client = @saved_cs_client */;

--
-- Dumping data for table `Warplayer`
--

LOCK TABLES `Warplayer` WRITE;
/*!40000 ALTER TABLE `Warplayer` DISABLE KEYS */;
INSERT INTO `Warplayer` VALUES (1,46,2,1,10),(2,47,2,2,10),(3,4,1,1,10),(4,3,1,2,10),(5,48,2,3,10),(6,49,2,4,10),(7,50,2,5,10),(8,51,2,6,10),(9,52,2,7,10),(10,53,2,8,10),(11,54,2,9,9),(12,55,2,10,9),(13,56,2,11,9),(14,58,2,12,9),(15,59,2,13,9),(16,60,2,14,9),(17,61,2,15,9),(18,62,2,16,9),(19,63,2,17,9),(20,64,2,18,9),(21,65,2,19,9),(22,66,2,20,9),(23,67,2,21,9),(24,68,2,22,9),(25,69,2,23,9),(26,70,2,24,9),(27,71,2,25,9),(28,72,2,26,9),(29,73,2,27,8),(30,74,2,28,8),(31,75,2,29,8),(32,76,2,30,8),(33,2,1,3,10),(34,24,1,4,10),(35,15,1,5,10),(36,9,1,6,10),(37,14,1,7,10),(38,17,1,8,10),(39,6,1,9,9),(40,26,1,10,9),(41,31,1,11,9),(42,22,1,12,9),(43,20,1,13,9),(44,33,1,14,9),(45,25,1,15,9),(46,8,1,16,9),(47,1,1,17,9),(48,27,1,18,9),(49,29,1,19,9),(50,18,1,20,9),(51,5,1,21,9),(52,23,1,22,9),(53,12,1,23,9),(54,7,1,24,9),(55,16,1,25,9),(56,34,1,26,9),(57,10,1,27,9),(58,19,1,28,9),(59,28,1,29,8),(60,30,1,30,8),(61,78,8,1,10),(62,79,8,2,10),(63,80,8,3,10),(64,81,8,4,10),(65,82,8,5,10),(66,83,8,6,10),(67,84,8,7,10),(68,85,8,8,10),(69,86,8,9,10),(70,87,8,10,10),(71,88,8,11,9),(72,89,8,12,9),(73,90,8,13,9),(74,91,8,14,9),(75,92,8,15,9),(76,93,8,16,9),(77,94,8,17,9),(78,95,8,18,9),(79,96,8,19,9),(80,97,8,20,9),(81,98,8,21,9),(82,99,8,22,9),(83,100,8,23,9),(84,101,8,24,9),(85,102,8,25,9),(86,103,8,26,9),(87,104,8,27,9),(88,105,8,28,9),(89,106,8,29,8),(90,107,8,30,8),(91,4,7,1,10),(92,3,7,2,10),(93,2,7,3,10),(94,24,7,4,10),(95,9,7,5,10),(96,108,7,6,10),(97,14,7,7,10),(98,17,7,8,10),(99,6,7,9,9),(100,11,7,10,9),(101,26,7,11,9),(102,20,7,12,9),(103,31,7,13,9),(104,33,7,14,9),(105,22,7,15,9),(106,25,7,16,9),(107,21,7,17,9),(108,1,7,18,9),(109,29,7,19,9),(110,18,7,20,9),(111,5,7,21,9),(112,23,7,22,9),(113,12,7,23,9),(114,7,7,24,9),(115,16,7,25,9),(116,34,7,26,9),(117,10,7,27,9),(118,19,7,28,9),(119,28,7,29,8),(120,30,7,30,8),(121,109,10,1,10),(122,110,10,2,10),(123,111,10,3,10),(124,112,10,4,10),(125,113,10,5,10),(126,114,10,6,10),(127,115,10,7,10),(128,116,10,8,10),(129,117,10,9,10),(130,118,10,10,10),(131,119,10,11,10),(132,120,10,12,10),(133,121,10,13,9),(134,122,10,14,9),(135,123,10,15,9),(136,124,10,16,9),(137,125,10,17,9),(138,126,10,18,10),(139,127,10,19,9),(140,128,10,20,9),(141,129,10,21,9),(142,130,10,22,9),(143,131,10,23,9),(144,132,10,24,9),(145,133,10,25,9),(146,134,10,26,9),(147,135,10,27,9),(148,136,10,28,9),(149,137,10,29,9),(150,138,10,30,9),(151,4,9,1,10),(152,3,9,2,10),(153,2,9,3,10),(154,24,9,4,10),(155,15,9,5,10),(156,139,9,6,10),(157,9,9,7,10),(158,108,9,8,10),(159,14,9,9,10),(160,17,9,10,10),(161,6,9,11,9),(162,11,9,12,9),(163,26,9,13,9),(164,22,9,14,9),(165,20,9,15,9),(166,31,9,16,9),(167,25,9,17,9),(168,21,9,18,9),(169,1,9,19,9),(170,29,9,20,9),(171,18,9,21,9),(172,5,9,22,9),(173,23,9,23,9),(174,12,9,24,9),(175,7,9,25,9),(176,16,9,26,9),(177,10,9,27,9),(178,19,9,28,9),(179,28,9,29,8),(180,30,9,30,8),(181,4,11,1,10),(182,3,11,2,10),(183,2,11,3,10),(184,24,11,4,10),(185,15,11,5,10),(186,139,11,6,10),(187,9,11,7,10),(188,14,11,8,10),(189,108,11,9,10),(190,17,11,10,10),(191,6,11,11,9),(192,11,11,12,9),(193,26,11,13,9),(194,20,11,14,9),(195,31,11,15,9),(196,25,11,16,9),(197,21,11,17,9),(198,1,11,18,9),(199,29,11,19,9),(200,18,11,20,9),(201,5,11,21,9),(202,23,11,22,9),(203,12,11,23,9),(204,7,11,24,9),(205,16,11,25,9),(206,34,11,26,9),(207,10,11,27,9),(208,19,11,28,9),(209,28,11,29,8),(210,30,11,30,8),(211,140,12,1,10),(212,141,12,2,10),(213,142,12,3,10),(214,143,12,4,10),(215,144,12,5,10),(216,145,12,6,10),(217,146,12,7,10),(218,147,12,8,10),(219,148,12,9,10),(220,149,12,10,10),(221,150,12,11,9),(222,151,12,12,10),(223,152,12,13,9),(224,153,12,14,9),(225,154,12,15,9),(226,155,12,16,9),(227,156,12,17,9),(228,157,12,18,9),(229,158,12,19,9),(230,159,12,20,9),(231,160,12,21,9),(232,161,12,22,9),(233,162,12,23,9),(234,163,12,24,9),(235,164,12,25,9),(236,165,12,26,9),(237,166,12,27,9),(238,167,12,28,8),(239,168,12,29,8),(240,169,12,30,8),(241,170,14,1,10),(242,171,14,2,10),(243,172,14,3,10),(244,173,14,4,10),(245,174,14,5,10),(246,175,14,6,10),(247,176,14,7,10),(248,177,14,8,10),(249,178,14,9,10),(250,179,14,10,10),(251,4,13,1,10),(252,3,13,2,10),(253,2,13,3,10),(254,24,13,4,10),(255,139,13,5,10),(256,9,13,6,10),(257,14,13,7,10),(258,108,13,8,10),(259,6,13,9,9),(260,11,13,10,9),(261,26,13,11,9),(262,20,13,12,9),(263,31,13,13,9),(264,25,13,14,9),(265,8,13,15,9),(266,21,13,16,9),(267,1,13,17,9),(268,18,13,18,9),(269,5,13,19,9),(270,23,13,20,9),(271,12,13,21,9),(272,7,13,22,9),(273,16,13,23,9),(274,19,13,24,9),(275,28,13,25,8),(276,180,14,11,9),(277,181,14,12,9),(278,182,14,13,9),(279,183,14,14,9),(280,184,14,15,9),(281,185,14,16,9),(282,186,14,17,9),(283,187,14,18,9),(284,188,14,19,9),(285,189,14,20,9),(286,190,14,21,9),(287,191,14,22,9),(288,192,14,23,9),(289,193,14,24,9),(290,194,14,25,9),(291,4,15,1,10),(292,3,15,2,10),(293,2,15,3,10),(294,24,15,4,10),(295,139,15,5,10),(296,195,16,1,10),(297,196,16,2,10),(298,197,16,3,10),(299,198,16,4,10),(300,199,16,5,10),(301,9,15,6,10),(302,14,15,7,10),(303,108,15,8,10),(304,17,15,9,10),(305,6,15,10,9),(306,11,15,11,9),(307,26,15,12,9),(308,20,15,13,9),(309,22,15,14,9),(310,31,15,15,9),(311,25,15,16,9),(312,33,15,17,9),(313,200,15,18,9),(314,8,15,19,9),(315,21,15,20,9),(316,1,15,21,9),(317,18,15,22,9),(318,5,15,23,9),(319,23,15,24,9),(320,12,15,25,9),(321,7,15,26,9),(322,16,15,27,9),(323,10,15,28,9),(324,19,15,29,9),(325,28,15,30,8),(326,201,16,6,10),(327,202,16,7,10),(328,203,16,8,10),(329,204,16,9,9),(330,205,16,10,9),(331,206,16,11,9),(332,207,16,12,9),(333,208,16,13,9),(334,209,16,14,9),(335,210,16,15,9),(336,211,16,16,9),(337,212,16,17,9),(338,213,16,18,9),(339,214,16,19,9),(340,215,16,20,9),(341,216,16,21,9),(342,217,16,22,9),(343,218,16,23,9),(344,219,16,24,9),(345,220,16,25,9),(346,221,16,26,9),(347,222,16,27,9),(348,223,16,28,9),(349,224,16,29,9),(350,225,16,30,9),(351,4,17,1,10),(352,3,17,2,10),(353,2,17,3,10),(354,226,17,4,10),(355,24,17,5,10),(356,139,17,6,10),(357,14,17,7,10),(358,108,17,8,10),(359,17,17,9,10),(360,6,17,10,9),(361,227,17,11,9),(362,11,17,12,9),(363,26,17,13,9),(364,20,17,14,9),(366,22,17,15,9),(367,25,17,16,9),(368,200,17,17,9),(369,8,17,18,9),(370,21,17,19,9),(371,228,17,20,9),(372,1,17,21,9),(373,18,17,22,9),(374,5,17,23,9),(375,23,17,24,9),(376,12,17,25,9),(377,229,17,26,9),(378,7,17,27,9),(379,16,17,28,9),(380,10,17,29,9),(381,19,17,30,9),(382,230,18,1,10),(383,231,18,2,10),(384,232,18,3,10),(385,233,18,4,10),(386,234,18,5,10),(387,235,18,6,10),(388,236,18,7,10),(389,237,18,8,10),(390,238,18,9,10),(391,239,18,10,10),(392,240,18,11,9),(393,241,18,12,9),(394,242,18,13,9),(395,243,18,14,9),(396,244,18,15,9),(397,245,18,16,9),(398,246,18,17,9),(399,247,18,18,9),(400,248,18,19,9),(401,249,18,20,9),(402,250,18,21,9),(403,251,18,22,9),(404,252,18,23,9),(405,253,18,24,9),(406,254,18,25,9),(407,255,18,26,9),(408,256,18,27,9),(409,257,18,28,9),(410,258,18,29,9),(411,259,18,30,8),(413,4,19,1,10),(414,260,20,1,10),(415,3,19,2,10),(416,2,19,3,10),(417,226,19,4,10),(418,24,19,5,10),(419,15,19,6,10),(420,139,19,7,10),(421,14,19,8,10),(422,108,19,9,10),(423,17,19,10,10),(424,6,19,11,9),(425,11,19,12,9),(426,26,19,13,9),(427,20,19,14,9),(428,22,19,15,9),(429,25,19,16,9),(430,200,19,17,9),(431,21,19,18,9),(432,228,19,19,9),(433,1,19,20,9),(434,18,19,21,9),(435,5,19,22,9),(436,23,19,23,9),(437,12,19,24,9),(438,229,19,25,9),(439,7,19,26,9),(440,16,19,27,9),(441,10,19,28,9),(442,19,19,29,9),(443,28,19,30,8),(444,261,20,2,10),(445,262,20,3,10),(446,263,20,4,10),(447,264,20,5,10),(448,265,20,6,10),(449,266,20,7,10),(450,267,20,8,10),(451,268,20,9,10),(452,269,20,10,10),(453,270,20,11,10),(454,271,20,12,9),(455,272,20,13,9),(456,273,20,14,9),(457,274,20,15,9),(458,275,20,16,9),(459,276,20,17,9),(460,277,20,18,9),(461,278,20,19,9),(462,279,20,20,9),(463,280,20,21,9),(464,281,20,22,9),(465,282,20,23,9),(466,283,20,24,9),(467,284,20,25,9),(468,285,20,26,9),(469,286,20,27,9),(470,287,20,28,9),(471,288,20,29,9),(472,289,20,30,8),(473,4,21,1,10),(474,3,21,2,10),(475,2,21,3,10),(476,24,21,4,10),(477,226,21,5,10),(478,291,21,6,10),(479,14,21,7,10),(480,17,21,8,10),(481,108,21,9,10),(482,6,21,10,9),(483,11,21,11,9),(484,26,21,12,9),(485,20,21,13,9),(486,22,21,14,9),(487,21,21,15,9),(488,292,21,16,9),(489,228,21,17,9),(490,18,21,18,9),(491,23,21,19,9),(492,12,21,20,9),(493,7,21,21,9),(494,16,21,22,9),(495,10,21,23,9),(496,19,21,24,9),(497,28,21,25,8),(498,293,22,1,10),(499,294,22,2,10),(500,295,22,3,10),(501,296,22,4,10),(502,297,22,5,10),(503,298,22,6,10),(504,299,22,7,10),(505,300,22,8,10),(506,301,22,9,10),(507,302,22,10,9),(508,303,22,11,9),(509,304,22,12,9),(510,305,22,13,9),(511,306,22,14,9),(512,307,22,15,9),(513,308,22,16,9),(514,309,22,17,9),(515,310,22,18,9),(516,311,22,19,9),(517,312,22,20,9),(518,313,22,21,9),(519,314,22,22,9),(520,315,22,23,8),(521,316,22,24,8),(522,317,22,25,8),(523,318,24,1,10),(524,319,24,2,10),(525,320,24,3,10),(526,321,24,4,10),(527,322,24,5,10),(528,323,24,6,10),(529,324,24,7,10),(530,325,24,8,10),(531,326,24,9,10),(532,327,24,10,9),(533,328,24,11,9),(534,329,24,12,9),(535,330,24,13,9),(536,331,24,14,9),(537,332,24,15,9),(538,333,24,16,9),(539,334,24,17,9),(540,335,24,18,9),(541,336,24,19,9),(542,337,24,20,9),(543,338,24,21,9),(544,339,24,22,9),(545,340,24,23,8),(546,341,24,24,8),(547,342,24,25,8),(548,4,23,1,10),(549,3,23,2,10),(550,15,23,3,10),(551,2,23,4,10),(552,24,23,5,10),(553,226,23,6,10),(554,291,23,7,10),(555,17,23,8,10),(556,108,23,9,10),(557,6,23,10,9),(558,343,23,11,9),(559,11,23,12,9),(560,26,23,13,9),(561,344,23,14,9),(562,345,23,15,9),(563,20,23,16,9),(564,346,23,17,9),(565,21,23,18,9),(566,18,23,19,9),(567,23,23,20,9),(568,12,23,21,9),(569,16,23,22,9),(570,10,23,23,9),(571,19,23,24,9),(572,28,23,25,8),(573,4,25,1,10),(574,3,25,2,10),(575,2,25,3,10),(576,24,25,4,10),(577,226,25,5,10),(578,291,25,6,10),(579,17,25,7,10),(580,108,25,8,10),(581,6,25,9,9),(582,343,25,10,9),(583,11,25,11,9),(584,26,25,12,9),(585,347,25,13,9),(586,344,25,14,9),(587,25,25,15,9),(588,346,25,16,9),(589,21,25,17,9),(590,18,25,18,9),(591,1,25,19,9),(592,23,25,20,9),(593,12,25,21,9),(594,16,25,22,9),(595,10,25,23,9),(596,19,25,24,9),(597,28,25,25,8),(598,348,26,1,10),(599,349,26,2,10),(600,350,26,3,10),(601,351,26,4,10),(602,352,26,5,10),(603,353,26,6,10),(604,354,26,7,10),(605,355,26,8,10),(606,356,26,9,9),(607,357,26,10,9),(608,358,26,11,9),(609,359,26,12,9),(610,360,26,13,9),(611,361,26,14,9),(612,362,26,15,9),(613,363,26,16,9),(614,364,26,17,9),(615,365,26,18,9),(616,366,26,19,9),(617,367,26,20,9),(618,368,26,21,9),(619,369,26,22,9),(620,370,26,23,9),(621,371,26,24,9),(622,372,26,25,9),(623,4,27,1,10),(624,3,27,2,10),(625,2,27,3,10),(626,24,27,4,10),(627,291,27,5,10),(628,14,27,6,10),(629,17,27,7,10),(630,108,27,8,10),(631,6,27,9,9),(632,343,27,10,9),(633,11,27,11,9),(634,26,27,12,9),(635,374,27,13,9),(636,347,27,14,9),(637,344,27,15,9),(638,375,27,16,9),(639,25,27,17,9),(640,346,27,18,9),(641,20,27,19,9),(642,33,27,20,9),(643,21,27,21,9),(644,18,27,22,9),(645,1,27,23,9),(646,23,27,24,9),(647,5,27,25,9),(648,12,27,26,9),(649,16,27,27,9),(650,10,27,28,9),(651,19,27,29,9),(652,28,27,30,8),(653,376,28,1,10),(654,377,28,2,10),(655,378,28,3,10),(656,379,28,4,10),(657,380,28,5,10),(658,381,28,6,10),(659,382,28,7,10),(660,383,28,8,10),(661,384,28,9,10),(662,385,28,10,10),(663,386,28,11,10),(664,387,28,12,9),(665,388,28,13,9),(666,389,28,14,9),(667,390,28,15,9),(668,391,28,16,9),(669,392,28,17,9),(670,393,28,18,9),(671,394,28,19,9),(672,395,28,20,9),(673,396,28,21,9),(674,397,28,22,9),(675,398,28,23,9),(676,399,28,24,9),(677,400,28,25,9),(678,401,28,26,9),(679,402,28,27,9),(680,403,28,28,9),(681,404,28,29,8),(682,405,28,30,8),(683,4,29,1,10),(684,3,29,2,10),(685,24,29,3,10),(686,2,29,4,10),(687,291,29,5,10),(688,14,29,6,10),(689,17,29,7,10),(690,108,29,8,10),(691,6,29,9,9),(692,406,29,10,9),(693,343,29,11,9),(694,11,29,12,9),(695,26,29,13,9),(696,344,29,14,9),(697,346,29,15,9),(698,20,29,16,9),(699,407,29,17,9),(700,22,29,18,9),(701,33,29,19,9),(702,408,29,20,9),(703,21,29,21,9),(704,18,29,22,9),(705,1,29,23,9),(706,23,29,24,9),(707,12,29,25,9),(708,5,29,26,9),(709,16,29,27,9),(710,10,29,28,9),(711,19,29,29,9),(712,28,29,30,8),(713,409,30,1,10),(714,410,30,2,10),(715,411,30,3,10),(716,412,30,4,10),(717,413,30,5,10),(718,414,30,6,10),(719,415,30,7,10),(720,416,30,8,10),(721,417,30,9,10),(722,418,30,10,10),(723,419,30,11,9),(724,420,30,12,9),(725,421,30,13,9),(726,422,30,14,9),(727,423,30,15,9),(728,424,30,16,9),(729,425,30,17,9),(730,426,30,18,9),(731,427,30,19,9),(732,428,30,20,9),(733,429,30,21,9),(734,430,30,22,9),(735,431,30,23,9),(736,432,30,24,9),(737,433,30,25,9),(738,434,30,26,9),(739,435,30,27,9),(740,436,30,28,9),(741,437,30,29,9),(742,438,30,30,9),(743,4,31,1,10),(744,3,31,2,10),(745,24,31,3,10),(746,439,31,4,10),(747,2,31,5,10),(748,291,31,6,10),(749,14,31,7,10),(750,17,31,8,10),(751,108,31,9,10),(752,6,31,10,9),(753,406,31,11,9),(754,343,31,12,9),(755,11,31,13,9),(756,26,31,14,9),(757,344,31,15,9),(758,25,31,16,9),(759,346,31,17,9),(760,20,31,18,9),(761,22,31,19,9),(762,407,31,20,9),(763,8,31,21,9),(764,21,31,22,9),(765,18,31,23,9),(766,23,31,24,9),(767,1,31,25,9),(768,12,31,26,9),(769,16,31,27,9),(770,10,31,28,9),(771,19,31,29,9),(772,28,31,30,8),(773,440,32,1,10),(774,441,32,2,10),(775,442,32,3,10),(776,443,32,4,10),(777,444,32,5,10),(778,445,32,6,10),(779,446,32,7,10),(780,447,32,8,10),(781,448,32,9,10),(782,449,32,10,10),(783,450,32,11,10),(784,451,32,12,10),(785,452,32,13,10),(786,453,32,14,9),(787,454,32,15,9),(788,455,32,16,9),(789,456,32,17,9),(790,457,32,18,9),(791,458,32,19,9),(792,459,32,20,9),(793,460,32,21,9),(794,461,32,22,9),(795,462,32,23,9),(796,463,32,24,9),(797,464,32,25,9),(798,465,32,26,9),(799,466,32,27,9),(800,467,32,28,9),(801,468,32,29,9),(802,469,32,30,9),(803,4,33,1,10),(804,3,33,2,10),(805,15,33,3,10),(806,439,33,4,10),(807,24,33,5,10),(808,2,33,6,10),(809,14,33,7,10),(810,291,33,8,10),(811,17,33,9,10),(812,108,33,10,10),(813,6,33,11,9),(814,406,33,12,9),(815,343,33,13,9),(816,26,33,14,9),(817,344,33,15,9),(818,25,33,16,9),(819,346,33,17,9),(820,20,33,18,9),(821,22,33,19,9),(822,33,33,20,9),(823,21,33,21,9),(824,470,33,22,9),(825,18,33,23,9),(826,1,33,24,9),(827,12,33,25,9),(828,471,33,26,9),(829,16,33,27,9),(830,10,33,28,9),(831,19,33,29,9),(832,28,33,30,8),(833,472,34,1,10),(834,473,34,2,10),(835,474,34,3,10),(836,475,34,4,10),(837,476,34,5,10),(838,477,34,6,10),(839,478,34,7,10),(840,479,34,8,10),(841,480,34,9,10),(842,481,34,10,9),(843,482,34,11,9),(844,483,34,12,9),(845,484,34,13,9),(846,485,34,14,9),(847,486,34,15,9),(848,487,34,16,9),(849,488,34,17,9),(850,489,34,18,9),(851,490,34,19,9),(852,491,34,20,9),(853,492,34,21,9),(854,493,34,22,9),(855,494,34,23,9),(856,495,34,24,9),(857,496,34,25,9),(858,497,34,26,9),(859,498,34,27,9),(860,499,34,28,9),(861,500,34,29,9),(862,501,34,30,9),(863,4,35,1,10),(864,3,35,2,10),(865,24,35,3,10),(866,2,35,4,10),(867,17,35,5,10),(868,108,35,6,10),(869,6,35,7,9),(870,343,35,8,9),(871,406,35,9,9),(872,11,35,10,9),(873,26,35,11,9),(874,344,35,12,9),(875,25,35,13,9),(876,20,35,14,9),(877,346,35,15,9),(878,22,35,16,9),(879,21,35,17,9),(880,470,35,18,9),(881,18,35,19,9),(882,23,35,20,9),(883,1,35,21,9),(884,12,35,22,9),(885,16,35,23,9),(886,10,35,24,10),(887,19,35,25,9),(888,502,36,1,10),(889,503,36,2,10),(890,504,36,3,10),(891,505,36,4,10),(892,506,36,5,10),(893,507,36,6,10),(894,508,36,7,10),(895,509,36,8,10),(896,510,36,9,10),(897,511,36,10,10),(898,512,36,11,10),(899,513,36,12,10),(900,514,36,13,10),(901,515,36,14,10),(902,516,36,15,9),(903,517,36,16,9),(904,518,36,17,9),(905,519,36,18,9),(906,520,36,19,9),(907,521,36,20,9),(908,522,36,21,9),(909,523,36,22,9),(910,524,36,23,9),(911,525,36,24,9),(912,526,36,25,9),(913,4,37,1,10),(914,3,37,2,10),(915,15,37,3,10),(916,527,37,4,10),(917,24,37,5,10),(918,2,37,6,10),(919,17,37,7,10),(920,108,37,8,10),(921,6,37,9,9),(922,343,37,10,9),(923,406,37,11,9),(924,11,37,12,9),(925,26,37,13,9),(926,344,37,14,9),(927,25,37,15,9),(928,20,37,16,9),(929,21,37,17,9),(930,18,37,18,9),(931,23,37,19,9),(932,1,37,20,9),(933,12,37,21,9),(934,16,37,22,9),(935,10,37,23,10),(936,19,37,24,9),(937,28,37,25,9);
/*!40000 ALTER TABLE `Warplayer` ENABLE KEYS */;
UNLOCK TABLES;

--
-- Table structure for table `user_role`
--

DROP TABLE IF EXISTS `user_role`;
/*!40101 SET @saved_cs_client     = @@character_set_client */;
/*!40101 SET character_set_client = utf8 */;
CREATE TABLE `user_role` (
  `user_id` int(11) NOT NULL,
  `role_id` int(11) NOT NULL,
  PRIMARY KEY (`user_id`,`role_id`),
  KEY `IDX_2DE8C6A3A76ED395` (`user_id`),
  KEY `IDX_2DE8C6A3D60322AC` (`role_id`),
  CONSTRAINT `FK_2DE8C6A3A76ED395` FOREIGN KEY (`user_id`) REFERENCES `User` (`id`) ON DELETE CASCADE,
  CONSTRAINT `FK_2DE8C6A3D60322AC` FOREIGN KEY (`role_id`) REFERENCES `Role` (`id`) ON DELETE CASCADE
) ENGINE=InnoDB DEFAULT CHARSET=utf8 COLLATE=utf8_unicode_ci;
/*!40101 SET character_set_client = @saved_cs_client */;

--
-- Dumping data for table `user_role`
--

LOCK TABLES `user_role` WRITE;
/*!40000 ALTER TABLE `user_role` DISABLE KEYS */;
INSERT INTO `user_role` VALUES (1,1),(2,2),(3,2);
/*!40000 ALTER TABLE `user_role` ENABLE KEYS */;
UNLOCK TABLES;
/*!40103 SET TIME_ZONE=@OLD_TIME_ZONE */;

/*!40101 SET SQL_MODE=@OLD_SQL_MODE */;
/*!40014 SET FOREIGN_KEY_CHECKS=@OLD_FOREIGN_KEY_CHECKS */;
/*!40014 SET UNIQUE_CHECKS=@OLD_UNIQUE_CHECKS */;
/*!40101 SET CHARACTER_SET_CLIENT=@OLD_CHARACTER_SET_CLIENT */;
/*!40101 SET CHARACTER_SET_RESULTS=@OLD_CHARACTER_SET_RESULTS */;
/*!40101 SET COLLATION_CONNECTION=@OLD_COLLATION_CONNECTION */;
/*!40111 SET SQL_NOTES=@OLD_SQL_NOTES */;

-- Dump completed on 2015-05-18 10:28:40
